Country;Identifier;resource title;Database owner;ExternalID;Sharing policy;otherConstraints;SCORPAN;Remote sensed data;Reference year;frequency of data collection;spatial reference;spatial entity;geomety of mapping area;mapping area;ratio of map cover;Spatial resolution;other spatial reference;data collection methodology;method of mapping;depth intervals;with uncertainty quantification;IF  relevant,Was it compared with LUCAS data? IF YES, please  give a reference;YOUR OTHER COMMENTS
Spain;INIA-LTELaCanalejaES1;INIA-Experimental Farm La Canaleja (Madrid, Spain)- Soil fertility ;INIA;"https://doi.org/10.5424/sjar/2013111-3455;https://doi.org/10.1016/j.still.2005.10.006";Restricted;;S - Soil;no/not relevant;1995-2020;regular monitoring, yearly;NO, available as statistical data only;POINT;NETWORK of pilots/experiments or identified farms, boundary of units are related to management;;not relevant;;;topsoil only;Random;defined as  topsoil/subsoil  only, without any other desription;NO;No;Topsoil 0.30 m. Data were collected during a specific period within the LTE
Spain;INIA-LTELaCanalejaES2;INIA-Experimental Farm La Canaleja (Madrid, Spain)- Food, feed and fibre indicators;INIA;"https://10.1016/j.eja.2013.02.006 10.1016/j.still.2016.03.007; https://10.1080/15324982.2017.1307289; https://10.11111/aab.12620";Restricted;;;no/not relevant;1995-2020;regular monitoring, yearly;NO, available as statistical data only;POINT;NETWORK of pilots/experiments or identified farms, boundary of units are related to management;;not relevant;;;topsoil only;Random;defined as  topsoil/subsoil  only, without any other desription;No;No;Topsoil 0.30 m. Data were collected during a specific period within the LTE
Spain;INIA-LTELaCanalejaES3;INIA-Experimental Farm La Canaleja (Madrid, Spain)- Erosion control indicators;INIA;https://doi.org/10.2134/agronj2010.0210;Restricted;;S - Soil;no/not relevant;1995-2020;regular monitoring, yearly;NO, available as statistical data only;POINT;NETWORK of pilots/experiments or identified farms, boundary of units are related to management;;not relevant;;;topsoil only;Random;defined as  topsoil/subsoil  only, without any other desription;No;No;Topsoil 0.30 m. Data were collected during a specific period within the LTE
Spain;INIA-LTELaCanalejaES4;INIA-Experimental Farm La Canaleja (Madrid, Spain)- Climate regulation indicators;INIA;"https://doi.org/10.1016/j.eja.2016.12.013; https://doi.org/10.1016/j.agee.2016.01.047;   https://doi.org/10.5424/sjar/2013113-3747";Restricted;;;no/not relevant;1995-2020;regular monitoring, yearly;NO, available as statistical data only;POINT;NETWORK of pilots/experiments or identified farms, boundary of units are related to management;;not relevant;;;topsoil only;Random;defined as  topsoil/subsoil  only, without any other desription;No;No;Topsoil 0.30 m. Data were collected during a specific period within the LTE
Spain;INIA-LTELaCanalejaES5;INIA-Experimental Farm La Canaleja (Madrid, Spain)- Indicators for labile organic carbon;INIA;"https://doi.org/10.1016/j.apsoil.2015.08.021; https://doi.org/10.5424/sjar/2013111-3455; https://doi.org/10.1111/ejss.12997; ";Restricted;;S - Soil;no/not relevant;2005-2020;regular monitoring, yearly;NO, available as statistical data only;POINT;NETWORK of pilots/experiments or identified farms, boundary of units are related to management;;not relevant;;;topsoil only;Random;defined as  topsoil/subsoil  only, without any other desription;No;No;Topsoil 0.15 m. Data were collected during a specific period within the LTE
Spain;CSIC-LTECEBASTresCaminosES6;CEBAS Tres Caminos;CSIC;https://WWW.cebas.csic.es;Restricted;;S - Soil;no/not relevant;2008-2020;;NO, available as statistical data only;POINT;NETWORK of pilots/experiments or identified farms, boundary of units are related to management;;available as points;35;;topsoil only;purposive;defined as  topsoil/subsoil  only, without any other desription;;No;
Spain;CSIC-LTECEBASCiezaES7;CEBAS Cieza;CSIC;;Restricted;;S - Soil;no/not relevant;2006-2020;regular monitoring, yearly;NO, available as statistical data only;POINT;NETWORK of pilots/experiments or identified farms, boundary of units are related to management;;available as points;15;;topsoil only;Purposive;defined as  topsoil/subsoil  only, without any other desription;NO;No;
Spain;CSIC-LTEICALaPovedaES8;ICA La Poveda;CSIC;https://www.ica.csic.es;Restricted;;S - Soil;no/not relevant;2012-2020;regular monitoring, yearly;NO, available as statistical data only;POINT;NETWORK of pilots/experiments or identified farms, boundary of units are related to management;;available as points;48;;topsoil only;Purposive;defined as  topsoil/subsoil  only, without any other desription;NO;no;Topsoil 0.15 m
Spain;CSIC-LTEEEADSenesES9;Senés experimental farm;CSIC;;Restricted;;;no/not relevant;2010;regular monitoring, yearly;NO, available as statistical data only;;NETWORK of pilots/experiments or identified farms, boundary of units are related to management;;not relevant;;;topsoil only;purposive;defined as  topsoil/subsoil  only, without any other desription;NO;No;Topsoil= 0,5 m (at 0,05 - 0,1 - 0,25 - 0,5 m)
Spain;CSIC-LTEIRNASASalamancaES10;IRNASA;CSIC;;Restricted;;S - Soil;no/not relevant;;;;;NETWORK of pilots/experiments or identified farms, boundary of units are related to management;;available as points;15;;Whole profile by fixed depths intervals;regular;otherRestrictions;NO;No;Whole profile by fixed depths intervals,0.1 - 0.2 - 0.3 - 0.4 - 0.5 - 0.6 - 0.7 - 0.8 - 0.9 - 1.0 m
Portugal;INFOSOLO-Database;INFOSOLO - Database of Soil Profile Data for Portugal;INIAV;https://data.isric.org/geonetwork/srv/por/catalog.search#/metadata/25d0cf4d-1865-4d2a-be32-40a1b2483936;No restrictions;;S - Soil;no/not relevant;2014;it was a single survey;YES, georeferenced;POINT;;The INFOSOLO legacy database is the first effort to develop a soil information system in Portugal. The current version includes soil data from a set of 9934 horizons/layers studied in 3461 soil profiles across the country between 1966 and 2014. Data was extracted from scattered soil surveys, research projects, and academic studies carried out by public Portuguese and other European institutions. As the level of detail of soil information varied between datasets, a series of validation tests and harmonization procedures were implemented in order to access and improve the quality of the data;available as points;;3461 soil profiles across the country;soil profile sampling;;Genetic-based horizons (A, Ap, B, C etc);NO;Lucas data were included;Mainly, the depths  intervals are genetic based. But there are cases that are depth intervals based
Portugal;PROPSOLO-database;PROPSOLO soil hydraulic properties of portuguese soils;INIAV;Gonçalves, M. C., Ramos, T. B., Martins, J. C. 2013. Soil data from Portugal. In,Weynants et al. (eds.), European Hydropedological Data Inventory (EU-HYDI). 08/2013, Publisher,Publications Office of the European Union, pp 57-62, ISBN,978-92-79-32355-3 http://dx.doi.org/10.2788/5936;No restrictions;;S- Soil;no/not relevant;2011;it was a single survey;YES, georeferenced;POINT;;The PROPSOLO database gathers the information on soil hydraulic and pedological properties from soil profiles. The current version contains a set of 697 horizons/layers from 330 soil profiles obtained within the framework of research projects and academic studies carried out at INIAV, between 1977 and 2011.;available as points;;330 soil profiles across the country;soil profile sampling;;Genetic-based horizons (A, Ap, B, C etc);NO;No;
Portugal;ICPForestslevelIplotsinPortugalsampledfortheBioSoilsoilsurvey;ICP Forests level I plots in Portugal;Instituto da Conservação da Natureza e das Florestas, IP (http://www.icnf.pt/) Contact person,Maria Barros (conceicao.barros@icnf.pt);de Vos, B. & Cools, N. (2011). Second european forest soil condition report. Volume I,Results of the BioSoil soil survey, INBO - Research Institute for Nature and Forest, Bruxelas, 359 p. Report nº INBO.R.2011.35 [ISSN 1782-9054] https://pureportal.inbo.be/portal/nl/publications/second-european-forest-soil-condition-report(3732cc04-4a21-43b1-a2b5-2d68b18cf5da).html;Restricted;Request of authorization to ICNF (for the portuguese data);S - Soil;no/not relevant;2008;otherRestrictions;YES, georeferenced;GRID;otherRestrictions;Grid sampling (ICP Forests level I grid) 16X16 km, only forest soils;available as points;103 ICP Forests level I plots in Portugal (1 plot with an area of 600 - 1250 m2);;"1) Soil profile sampling. And, also, 2) Sampling at fixed depths,3 pits until 80 cm and 2 small pits until 20 cm depth located in the 4 cardinal points of each plot. Composite soil sample of 12-14 subsamples per depth; for Bulk density, only, 5 undisturbed samples per depth ;";;"1) Soil profile sampling,Genetic-based horizons (A, Ap, B, C etc); and also 2) Soil deth sampling at 0-10cm, 10-20 cm, 20-40 cm and 40-80 cm depths";NO;No;The 1st ICP Forests Soil condition survey was carried out in 1994-1995 (Vanmechelen et al., 1997). Soil profile sampling in the BioSoil soil survey, carried out in 2007-2008 following Mikkelsen, J. et al. 2006 Guidelines for Forest Soil Profile Description, adapted for optimal field observations within the framework of the EU Forest Focus Demonstration Project. BIOSOIL. Partly based on the 4th ed. of the Guidelines for Soil Profile Description and Classification (FAO, 2006)
Lithuania;Dirv_DR10LT;Spatial Information Portal of Lithuania;National Land Service under the Ministry of Agriculture;https://www.geoportal.lt/geoportal/en/web/engeoportal;No restrictions;Personal registration is needed;S - Soil;no/not relevant;From 1960 till now;otherRestrictions;YES, georeferenced;POINT/POLYGON;TARGET AREAS/FULL,spatially exhaustive for the whole country/agricultural lands with natural unit boundaries;;75-100;1:10.000;;mainly based on profile sampling;Conventional mapping,https://doi.org/10.1007/978-94-007-5642-7_6;Genetic-based horizons (A, Ap, B, C etc);NO;NO;Monitoring periodicity is single. It has no specific time-period fixed.
Lithuania;Dirv_vert;Spatial Information Portal of Lithuania;National Land Service under the Ministry of Agriculture;https://www.geoportal.lt/geoportal/en/web/engeoportal;No restrictions;Personal registration is needed;S - Soil;no/not relevant;2019 03;otherRestrictions;YES, georeferenced;POLYGON;"TARGET AREAS,agricultural lands only; ADMIN SMALL";;75-100;1:10.000;the scale varies from the level of municipalities and cadastral areas to the local area.;mainly based on profile sampling;https://doi.org/10.1007/978-94-007-5642-7_6;-;NO;NO;updated once a year
Lithuania;Mel_DR10LT;Spatial Information Portal of Lithuania;National Land Service under the Ministry of Agriculture;https://www.geoportal.lt/geoportal/en/web/engeoportal;No restrictions;Personal registration is needed;;no/not relevant;2020 01;otherRestrictions;YES, georeferenced;POLYGON/LINE;TARGET AREAS,agricultural lands only;;75-100;1:10.000;;expert evaluation;https://doi.org/10.1007/978-94-007-5642-7_6;-;NO;NO;Monitoring periodicity is single. It has no specific time-period fixed.
France;RMQS;French Soil Monitoring Network ( Réseau de Mesures de la Qualité des Sols en français);Groupement d'Intérêt Scientifique SOL and INRAE;;No restrictions;precise geographical plot location unavailable;S - Soil;no/not relevant;2001-2010;otherRestrictions;YES, georeferenced;GRID;FULL,spatially exhaustive for the whole country/agricultural lands with natural unit boundaries;not only agricultural lands, all land uses are covered;available as points;16km by 16 km size cell, one plot at the centroid, 2170 plots ;;stratified random sampling device (20m by 20m)  at 2 layers ( 3 layers if possible for holorganic layer) plus soil profile description and soil profile samples, bulk samples;several types ,simple mapping (cartogram), geosatistic, spatial statististics with modeling;Other  depth intervals (specify in comments);NO;NO;
France;IGCS;Soil Management and Conservation Inventory;Groupement d'Intérêt Scientifique SOL and INRAE;DoneSol format;Restricted;;S - Soil;no/not relevant;1953-2020;otherRestrictions;PARTLY georeferenced, not the whole dataset ;NATURAL_POLYGONs,polygons with natural boundaries;FULL,spatially exhaustive for the whole country/agricultural lands with natural unit boundaries;;75-100;differents scales ,1/250,000, 1/100,000, 1/50,000, 1/25,000;;;conventional mapping;Genetic-based horizons (A, Ap, B, C etc);NO;NO;
France;BDAT;Soil test database;Groupement d'Intérêt Scientifique SOL and INRAE;https://bdat.gissol.fr;No restrictions;;S - Soil;no/not relevant;2013;;YES, georeferenced;NATURAL_POLYGONs,polygons with natural boundaries;FULL_REGIO,spatially exhaustive for the area of an administrative region/federal-state with natural unit boundaries;;75-100;very heterogeneous from 1 soil test/10 ha to 1/100 ha in average;;bluk samples only, soil test sampling strategy eg farmer's decision;spatial statistics;Other  depth intervals (specify in comments);NO;Yes ,https://doi.org/10.1016/j.geoderma.2018.09.007;top soil
France;BDGSF;soil geographical database of France at 1:1,000,000;INRAE;https://doi.org/10.15454/BPN57S;No restrictions;;S - Soil;no/not relevant;1998;it was a single survey;YES, georeferenced;NATURAL_POLYGONs,polygons with natural boundaries;FULL,spatially exhaustive for the whole country/agricultural lands with natural unit boundaries;;75-100;1:1,000,000;;synthesis of soil surveys and soil knowledge;conventional mapping;defined as  topsoil/subsoil  only, without any other desription;NO;no;it formed the French part of the soil geographical DB of Eurasia
France;GlobalSoilmapFrancepH;GlobalSoilMap France;GIS Sol and INRAE;https://doi.org/10.1016/j.scitotenv.2016.07.066;Restricted;;S - Soil;no/not relevant;2014;otherRestrictions;YES, georeferenced;GRID;FULL,spatially exhaustive for the whole country/agricultural lands with natural unit boundaries;;75-100;90*90m;;soil profiles, different sampling depth;splines, spatial statistics (cubist);"Standard GSM depth intervals; layers according to GlobalSoilMap ";YES;Yes;https://doi.org/10.1016/j.scitotenv.2016.07.066
France;GlobalSoilmapFranceCEC;GlobalSoilMap France;GIS Sol and INRAE;https://doi.org/10.1016/j.scitotenv.2016.07.066;Restricted;;S - Soil;no/not relevant;2014;otherRestrictions;YES, georeferenced;GRID;FULL,spatially exhaustive for the whole country/agricultural lands with natural unit boundaries;;75-100;90*90m;;soil profiles, different sampling depth;splines, spatial statistics (cubist);"Standard GSM depth intervals; layers according to GlobalSoilMap ";YES;yes;https://doi.org/10.1016/j.scitotenv.2016.07.066
France;GlobalSoilmapFrancedepth;GlobalSoilMap France;GIS Sol and INRAE;https://doi.org/10.1016/j.scitotenv.2016.07.066;Restricted;;S - Soil;no/not relevant;2014;otherRestrictions;YES, georeferenced;GRID;FULL,spatially exhaustive for the whole country/agricultural lands with natural unit boundaries;;75-100;90*90m;;soil profiles, different sampling depth;splines, spatial statistics (cubist);"Standard GSM depth intervals; layers according to GlobalSoilMap ";YES;Yes;https://doi.org/10.1016/j.scitotenv.2016.07.066
France;AWCBDGSF;Carte de la Réserve Utile en eau issue de la Base de Données Géographique des Sols de France;INRAE;https://doi.org/10.15454/JPB9RB;No restrictions;;S - Soil;no/not relevant;2018;otherRestrictions;YES, georeferenced;NATURAL_POLYGONs,polygons with natural boundaries;FULL,spatially exhaustive for the whole country/agricultural lands with natural unit boundaries;;75-100;1:1,000,000;;pedotransfer rules;thematic mapping;otherRestrictions;NO;no;thematic map from BDGSF
France;WRBBDGSF;Carte du nom de sol dominant en WRB issue de la Base de Données Géographique des Sols de France;INRAE;https://agroenvgeo.data.inra.fr/geonetwork/srv/fre/catalog.search#/metadata/f599548d-b0be-55f9-9adf-4e9aa3a0be91;No restrictions;;S - Soil;no/not relevant;2017;otherRestrictions;YES, georeferenced;NATURAL_POLYGONs,polygons with natural boundaries;FULL,spatially exhaustive for the whole country/agricultural lands with natural unit boundaries;;75-100;1:1,000,000;;expertise;thematic mapping;otherRestrictions;NO;no;thematic map from BDGSF
France;BDATMAPS;Maps of the agronomic soil properties from BDAT;INRAE;https://doi.org/10.15454/SVDTOU;Restricted;;S - Soil;no/not relevant;2014;regular monitoring 5-10 years;LIMITED e.g. data attributed to administrative boundary or aggregated;ADMIN_POLYGONS, e.g. municipalities, polygons with administrative boundaries, other than agricultural blocks/farms;FULL,spatially exhaustive for the whole country/agricultural lands with natural unit boundaries;;75-100;1/250,000;;bulk sample only;spatial statistics, geostatistics;otherRestrictions;YES;Yes ,https://doi.org/10.1016/j.geoderma.2018.09.007;
France;RMQSMAPSETM;Krigged maps of trace elements contents in French soil;INRAE;https://doi.org/10.15454/VN9F6H;No restrictions;;;Proximal sensed;2014;it was a single survey;YES, georeferenced;GRID;FULL,spatially exhaustive for the whole country/agricultural lands with natural unit boundaries;;75-100;1000*1000;;bulk samples;geostatitsics;Other  depth intervals (specify in comments);YES;;30 cm in average
France;GlobalSoilmapFranceorganiccarbon;GlobalSoilMap France;GIS Sol and INRAE;https://doi.org/10.1016/j.scitotenv.2016.07.06610.1016/j.geoderma.2015.08.035;Restricted;;S - Soil;no/not relevant;2014;otherRestrictions;YES, georeferenced;GRID;FULL,spatially exhaustive for the whole country/agricultural lands with natural unit boundaries;;75-100;90*90m;;soil profiles, different sampling depth;splines, spatial statistics (cubist);"Standard GSM depth intervals; layers according to GlobalSoilMap ";YES;Yes;https://doi.org/10.1016/j.scitotenv.2016.07.066
France;GlobalSoilmapFranceavailablewatercontent;GlobalSoilMap France;GIS Sol and INRAE;https://www.sciencedirect.com/science/article/pii/S0016706118319529;Restricted;;S - Soil;no/not relevant;2014;otherRestrictions;YES, georeferenced;GRID;FULL,spatially exhaustive for the whole country/agricultural lands with natural unit boundaries;;75-100;90*90m;;soil profiles, different sampling depth;splines, spatial statistics (cubist) + pedotransfer rules for AWC;"Standard GSM depth intervals; layers according to GlobalSoilMap ";YES;Yes;Detailled assessment of the uncertainty
Italy;Nationalmonitoringofarablesoilchemicalquality(VALSE)1974-2018;Italian Soil Information System;CREA;https://doi.org/10.1007/978-94-007-5642-7_6;No restrictions;;S - Soil;no/not relevant;2013;;YES, georeferenced;DERIVED Soil Profiles linked to the polygons;FULL,spatially exhaustive for the whole country/agricultural lands with natural unit boundaries;;Available as points;;631 sampling sites;Bulk samples from 10 x 10 m areas ;;Other  depth intervals (specify in comments);NO;NO;Topsoil 0-15 cm
Italy;VALSEsubset2018;Geological map of Italy by Compagnoni et al., 1983;;http://opac.isprambiente.it/SebinaOpac/Opac?action=documentview&sessID=163F7581877A0FF557CD28C792D07E48@2904d67b&docID=4;No restrictions;;P - Parent material;no/not relevant;1983;;YES, georeferenced;NATURAL_POLYGONs,polygons with natural boundaries;FULL,spatially exhaustive for the whole country/agricultural lands with natural unit boundaries;;Available as points;;151 sampling sites;Undisturbed core samples;;Other  depth intervals (specify in comments);NO;NO;Topsoil 0-40 cm  (0-5cm,5-15cm,15-25cm and 25-40cm)
Italy;SISI-BADASUOLI;Italian Soil Information System;CREA;https://doi.org/10.1007/978-94-007-5642-7_6;No restrictions;;S - Soil;no/not relevant;2013;;YES, georeferenced;DERIVED Soil Profiles linked to the polygons;FULL,spatially exhaustive for the whole country/agricultural lands with natural unit boundaries;;75-100;1:1.000.000;;mainly based on profile sampling;Conventional mapping,https://doi.org/10.1007/978-94-007-5642-7_6;Genetic-based horizons (A, Ap, B, C etc);NO;NO;
Italy;IT-GEO;Geological map of Italy by Compagnoni et al., 1983;;http://opac.isprambiente.it/SebinaOpac/Opac?action=documentview&sessID=163F7581877A0FF557CD28C792D07E48@2904d67b&docID=4;No restrictions;;P - Parent material;no/not relevant;1983;;YES, georeferenced;NATURAL_POLYGONs,polygons with natural boundaries;FULL,spatially exhaustive for the whole country/agricultural lands with natural unit boundaries;;75-100;1:500.000;;;;;;;
Italy;IT-SR;Italian Soil Regions;CREA;https://doi.org/10.1007/978-94-007-5642-7_6;No restrictions;;S - Soil;no/not relevant;2013;;YES, georeferenced;NATURAL_POLYGONs,polygons with natural boundaries;FULL_REGIO,spatially exhaustive for the area of an administrative region/federal-state with natural unit boundaries;;75-100;1:5.000.000;;;;;;;
Italy;IT-Spectral_library;Spectral soil library (vis-NIR-MIR);CREA;;otherRestrictions;;S - Soil;Proximal sensed;;;YES, georeferenced;POINT;none of the above;;available as points;;;;;;;;
Italy;TAIR;Long-term mean annual air temperature (1960-2008);CREA;https://doi.org/10.1007/978-94-007-5642-7_2;No restrictions;;C - Climate;no/not relevant;1960-2008;;YES, georeferenced;GRID;FULL,spatially exhaustive for the whole country/agricultural lands with natural unit boundaries;;75-100;1000 M pixel;;;;;;;
Italy;RICA;Rete di Informazione Contabile Agricola (Farms Agronomical Mangement database);CREA;https://gaia.crea.gov.it/#Rica;otherRestrictions;;O - Organisms;no/not relevant;;;YES, georeferenced;NATURAL_POLYGONs,polygons with natural boundaries;"TARGET AREAS, for the whole country, but thematically constrained (please specify; e.g.,on irrigated areas, nitrate vulnerable zones etc.)";;;;;;;;;;
Italy;IT-GSOCmap;Global Soil Organic Carbon Map.;CREA-FAO-GSP;http://54.229.242.119/GSOCmap/;No restrictions;;S - Soil;no/not relevant;1990-2013;;YES, georeferenced;GRID;FULL,spatially exhaustive for the whole country/agricultural lands with natural unit boundaries;;75-100;1000 M pixel/6748 total points used;;mixed sampling type;Neural network and General Linear Models;Other  depth intervals (specify in comments);YES;no;Topsoil 30 m. The method for SOC used was Springer and Klee and 'flash combustion elemental analyser'
Italy;CREAAAItalianhistoricalwheaterseries;CREA AA Italian historical wheater series;CREA;https://www.reterurale.it/flex/cm/pages/ServeBLOB.php/L/IT/IDPagina/16319 ;Restricted;;C - Climate;no/not relevant;1961-2017;otherRestrictions;YES, georeferenced;GRID;FULL_REGIO,spatially exhaustive for the area of an administrative region/federal-state with natural unit boundaries;;75-100;0.14/0.10° Long/Lat;;;;;;;Air temperature (max and min) and precipitation daily dataset
Turkey;TR-GSOCMap;Global Soil Organic Carbon Map.;TAGEM-FAO-GSP;http://54.229.242.119/GSOCmap/;Restricted;Data Sharing Rules of TAGEM;S - Soil;no/not relevant;2008-2009;it was a single survey;YES, georeferenced;POINT;FULL,spatially exhaustive for the whole country/agricultural lands with natural unit boundaries;;not relevant;1:500 000/7742 points ;;mixed sampling type;Regression Kriging;Other  depth intervals (specify in comments);NO;no;Topsoil 0-30 cm
Turkey;TR-SOCStockmap;National Soil Carbon Stock Map;TAGEM;https://arastirma.tarimorman.gov.tr/toprakgubre/Belgeler/Karbon_Panel/Toprak%20Organik%20Karbon%20Bilgi%20Sistemi%20Projesi.pdf;Restricted;Data Sharing Rules of TAGEM;S - Soil;no/not relevant;2008-2009;it was a single survey;YES, georeferenced;POINT;FULL,spatially exhaustive for the whole country/agricultural lands with natural unit boundaries;;not relevant;1:500 000/7742 points ;;mixed sampling type;Regression Kriging;Other  depth intervals (specify in comments);NO;no;Topsoil 0-30 cm
Turkey;TR-BoronMap;Boron  Map of Turkey's Soils;TAGEM-National Boron Institute;https://arastirma.tarimorman.gov.tr/toprakgubre/Haber/155/Enstitumuz-Tarafindan-Ilk-Olarak-Uretilmis-Olan-Turkiye-Topraklari-Bor-Haritasi-Guncellenmistir;Restricted;Data Sharing Rules of TAGEM;S - Soil;no/not relevant;2008-2009;it was a single survey;YES, georeferenced;POINT;FULL,spatially exhaustive for the whole country/agricultural lands with natural unit boundaries;;not relevant;1,1 600 000/15 396 points ;;mixed sampling type;Ordinary Kriging;Other  depth intervals (specify in comments);NO;no;0-30 cm, 30- 60 cm
Turkey;TR-SalinityMap;Salinity  Map of Turkey's Soils;TAGEM;https://arastirma.tarimorman.gov.tr/toprakgubre/Belgeler/Karbon_Panel/Toprak%20Organik%20Karbon%20Bilgi%20Sistemi%20Projesi.pdf;Restricted;Data Sharing Rules of TAGEM;S - Soil;no/not relevant;2008-2009;it was a single survey;YES, georeferenced;POINT;FULL,spatially exhaustive for the whole country/agricultural lands with natural unit boundaries;;not relevant;1:500 000/7742 points ;;mixed sampling type;Ordinary Kriging;Other  depth intervals (specify in comments);NO;no;Top soil, 0-30 cm
Turkey;TR-pHMap;pH  Map of Turkey's Soils;TAGEM;;Restricted;Data Sharing Rules of TAGEM;S - Soil;no/not relevant;2008-2009;it was a single survey;YES, georeferenced;POINT;FULL,spatially exhaustive for the whole country/agricultural lands with natural unit boundaries;;not relevant;1:500 000/7742 points ;;mixed sampling type;Ordinary Kriging;Other  depth intervals (specify in comments);NO;no;Top soil, 0-30 cm
Turkey;TR-K2OMap;K2O  Map of Turkey's Soils;TAGEM;;Restricted;Data Sharing Rules of TAGEM;S - Soil;no/not relevant;2008-2009;it was a single survey;YES, georeferenced;POINT;FULL,spatially exhaustive for the whole country/agricultural lands with natural unit boundaries;;not relevant;1:500 000/7742 points ;;mixed sampling type;Ordinary Kriging;Other  depth intervals (specify in comments);NO;no;Top soil, 0-30 cm
Turkey;TR-P2O5Map;P2O5  Map of Turkey's Soils;TAGEM;https://arastirma.tarimorman.gov.tr/toprakgubre/Belgeler/Karbon_Panel/Toprak%20Organik%20Karbon%20Bilgi%20Sistemi%20Projesi.pdf;Restricted;Data Sharing Rules of TAGEM;S - Soil;no/not relevant;2008-2009;it was a single survey;YES, georeferenced;POINT;FULL,spatially exhaustive for the whole country/agricultural lands with natural unit boundaries;;not relevant;1:500 000/7742 points ;;mixed sampling type;Ordinary Kriging;Other  depth intervals (specify in comments);NO;no;Top soil, 0-30 cm
Turkey;TR-CaCO3Map;CacO3  Map of Turkey's Soils;TAGEM;;Restricted;Data Sharing Rules of TAGEM;S - Soil;no/not relevant;2008-2009;it was a single survey;YES, georeferenced;POINT;FULL,spatially exhaustive for the whole country/agricultural lands with natural unit boundaries;;not relevant;1:500 000/7742 points ;;mixed sampling type;Ordinary Kriging;Other  depth intervals (specify in comments);NO;no;Top soil, 0-30 cm
Turkey;TR-SandMap;Sand  Map of Turkey's Soils;TAGEM;;Restricted;Data Sharing Rules of TAGEM;S - Soil;no/not relevant;2008-2009;it was a single survey;YES, georeferenced;POINT;FULL,spatially exhaustive for the whole country/agricultural lands with natural unit boundaries;;not relevant;1:500 000/7742 points ;;mixed sampling type;Ordinary Kriging;Other  depth intervals (specify in comments);NO;no;Top soil, 0-30 cm
Turkey;TR-SiltMap;Silt  Map of Turkey's Soils;TAGEM;;Restricted;Data Sharing Rules of TAGEM;S - Soil;no/not relevant;2008-2009;it was a single survey;YES, georeferenced;POINT;FULL,spatially exhaustive for the whole country/agricultural lands with natural unit boundaries;;not relevant;1:500 000/7742 points ;;mixed sampling type;Ordinary Kriging;Other  depth intervals (specify in comments);NO;no;Top soil, 0-30 cm
Turkey;TR-ClayMap;Clay  Map of Turkey's Soils;TAGEM;;Restricted;Data Sharing Rules of TAGEM;S - Soil;no/not relevant;2008-2009;it was a single survey;YES, georeferenced;POINT;FULL,spatially exhaustive for the whole country/agricultural lands with natural unit boundaries;;not relevant;1:500 000/7742 points ;;mixed sampling type;Ordinary Kriging;Other  depth intervals (specify in comments);NO;no;Top soil, 0-30 cm
Turkey;TR-CECMap;CEC  Map of Turkey's Soils;TAGEM;;Restricted;Data Sharing Rules of TAGEM;S - Soil;no/not relevant;2008-2009;it was a single survey;YES, georeferenced;POINT;FULL,spatially exhaustive for the whole country/agricultural lands with natural unit boundaries;;not relevant;1:500 000/7742 points ;;mixed sampling type;Ordinary Kriging;Other  depth intervals (specify in comments);NO;no;Top soil, 0-30 cm
Turkey;BulkdensityMap;Bulk density  Map of Turkey's Soils;TAGEM;;Restricted;Data Sharing Rules of TAGEM;S - Soil;no/not relevant;2008-2009;it was a single survey;YES, georeferenced;POINT;FULL,spatially exhaustive for the whole country/agricultural lands with natural unit boundaries;;not relevant;1:500 000/7742 points ;;mixed sampling type;Ordinary Kriging;Other  depth intervals (specify in comments);NO;no;Top soil, 0-30 cm
Turkey;TAGEM_SFWRCRI_SIS;Turkish Ministry of Agriculture and Forestry Soil Fertilizer and Water Resources Central Research Institute  Soil Information System;TAGEM;http://85.25.185.76/tgskmae/starter.aspx;Restricted;Data Sharing Rules of TAGEM;S - Soil;no/not relevant;2008- present;it was a single survey;YES, georeferenced;POINT;FULL,spatially exhaustive for the whole country/agricultural lands with natural unit boundaries;;not relevant;more than 30 000 samples, sampling continues;;mixed sampling type, 2 Km x 2 Km grid, soil profile sampling;;Other  depth intervals (specify in comments);NO;no;Mainly top soil, 0-30 cm, soil profile  
Czech republic;KPP-SystematicSoilSurvey;Komplexní průzkum půd (Systematic Soil Survey);Ministry of Agriculture Czech Republic;https://kpp.vumop.cz;Restricted;;S - Soil;no/not relevant;1961-1971;it was a single survey;YES, georeferenced;POINT;"TARGET AREAS, for the whole country, but thematically constrained (please specify; e.g.,on irrigated areas, nitrate vulnerable zones etc.)";only agricultural land use (forests and protected area are not covered, because of it we couldn´t say FULL);75-100;1:10.000;;profile sampling;conventional mapping;Genetic-based horizons (A, Ap, B, C etc);NO;no;points  and polygon maps available, inluding map of texture classes and parent material (all in 1:10.000)
Czech republic;BPEJ;Bonitované půdně ekologické jednotky (Evaluated Soil Ecological units);State Land Office Czech Republic;https://www.spucr.cz/bpej;No restrictions;;S - Soil;no/not relevant;1971-now;otherRestrictions;YES, georeferenced;NATURAL_POLYGONs,polygons with natural boundaries;"TARGET AREAS, for the whole country, but thematically constrained (please specify; e.g.,on irrigated areas, nitrate vulnerable zones etc.)";only agricultural land use (forests and protected area are not covered, because of it we couldn´t say FULL);75-100;1:5.000;;borehole description;conventional mapping;defined as  topsoil/subsoil  only, without any other desription;NO;no;BPEJ is identified as five-place code. It gives an information not only about the soil itself (main charakteristics and classification), but also about the basic stand characteristics like slope, exposition and climatic conditions.
Czech republic;LandRegistryLPIS(LandParcelIdentificationSystem)-AZZP;Land Registry LPIS (Land Parcel Identification System) - AZZP;Ministry of Agriculture Czech Republic;http://eagri.cz/public/web/mze/farmar/LPIS/;otherRestrictions;Partially freely available, detail informations are availabe only for land block owners;S - Soil;no/not relevant;;regular monitoring 5-10 years;YES, georeferenced;FARMER_Block LPI,POLYGON WITH Land Parcel Identification (LPI) is  available for farmer's block;"TARGET AREAS, for the whole country, but thematically constrained (please specify; e.g.,on irrigated areas, nitrate vulnerable zones etc.)";only agricultural land use (forests and protected area are not covered, because of it we couldn´t say FULL);75-100;;;topsoil and subsoil;conventional mapping;defined as  topsoil/subsoil  only, without any other desription;NO;no;
Czech republic;Registerofcontaminatedareas;Register of contaminated areas;Ministry of Agriculture Czech Republic;http://eagri.cz/public/web/file/520923/Publikace_25_let_Monitoring_Zemedelskych_pud_1992_2013.pdf;Restricted;;S - Soil;no/not relevant;1990 till now;it was a single survey;YES, georeferenced;POINT;"TARGET AREAS, for the whole country, but thematically constrained (please specify; e.g.,on irrigated areas, nitrate vulnerable zones etc.)";only  CONTAMINATED agricultural soil (forests and protected area are not covered, because of it we couldn´t say FULL);okt-25;cca 66500 points per country;;"1 composite sample = 30 incremental samples, arable land 1 sample / 7-10ha, hopgardens and orchards 1 sample / 3ha, vineyards 1 sample / 2ha; sampling is not repeated";;only topsoil,grassland 0-15 cm, others max 30 cm;NO;no;"50148 points/samples - risk elements are analysed in 2M HNO3; 16400 points/sample - risk elements are analysed in AR"
Czech republic;Basalsoilmonitoring;Basal soil monitoring - basic;Ministry of Agriculture Czech Republic;http://eagri.cz/public/web/file/520923/Publikace_25_let_Monitoring_Zemedelskych_pud_1992_2013.pdf;Restricted;;S - Soil;no/not relevant;1992 till now;otherRestrictions;YES, georeferenced;POINT;"TARGET AREAS, for the whole country, but thematically constrained (please specify; e.g.,on irrigated areas, nitrate vulnerable zones etc.)";only agricultural land use (forests and protected area are not covered, because of it we couldn´t say FULL);75-100;214 point;;"Arable land samples are taken from topsoil (according to the thickness of the horizon, maximum up to 25 cm) and subsoil (35–60 cm), in orchards and vineyards also from two horizons (0–30 cm, 30–60 cm), on hop fields from topsoil (10–40 cm) and subsoil (40–70 cm); for permanent grassland from three layers (0–10 cm, 10–25 cm, 25–40 cm; always after removing the upper sod layer)                                                                For organic pollutants only topsoil horizon, for mineral nitrogen - topsoil and subsoil";conventional mapping;defined as  topsoil/subsoil  only, without any other desription;NO;no; 
Belgium;3f507fd9-24c0-40ab-9328-29f0dff571fe;DOV soil database for Flanders;Vlaamse overheid, Departement Omgeving, Vlaams Planbureau voor Omgeving (VPO);https://www.dov.vlaanderen.be/geonetwork/srv/dut/catalog.search#/metadata/3f507fd9-24c0-40ab-9328-29f0dff571fe;No restrictions;;S - Soil;no/not relevant;1947-2020;otherRestrictions;YES, georeferenced;POINT;FULL_REGIO,spatially exhaustive for the area of an administrative region/federal-state with natural unit boundaries;;available as points;;;borehole/profile;no mapping (points);otherRestrictions;NO;no;geneitic horizons and depth intervals
Belgium;a1547a01-b9fc-40fa-a2eb-009a39c02c7b;Soil map of Flanders (1:20.000);Vlaamse overheid, Departement Omgeving, Vlaams Planbureau voor Omgeving (VPO);https://www.dov.vlaanderen.be/geonetwork/srv/dut/catalog.search#/metadata/a1547a01-b9fc-40fa-a2eb-009a39c02c7b;No restrictions;;S - Soil;no/not relevant;1947-1978;it was a single survey;YES, georeferenced;NATURAL_POLYGONs,polygons with natural boundaries;FULL_REGIO,spatially exhaustive for the area of an administrative region/federal-state with natural unit boundaries;;75-100;1:20.000;;borehole/profile;conventional mapping;;NO;;
Belgium;bf8c35ad-ab45-4084-b1e1-3042c66204aa;Soil Organic Carbon Stock Maps for Belgium (40m grid);Vlaamse overheid, Departement Omgeving, Vlaams Planbureau voor Omgeving (VPO);https://www.dov.vlaanderen.be/geonetwork/srv/dut/catalog.search#/metadata/bf8c35ad-ab45-4084-b1e1-3042c66204aa;No restrictions;;S - Soil;no/not relevant;;;YES, georeferenced;GRID;FULL,spatially exhaustive for the whole country/agricultural lands with natural unit boundaries;;75-100;40m grid;;borehole/profile;geostatistics;Other  depth intervals (specify in comments);YES;;depth intervals of the GSOC map (0-30cm)
Belgium;298d34a4-d459-4fc8-a9be-e8e26cd9b354;Potential soil erosion map of Flanders;Vlaamse overheid, Departement Omgeving, Vlaams Planbureau voor Omgeving (VPO);https://www.dov.vlaanderen.be/geonetwork/srv/dut/catalog.search#/metadata/298d34a4-d459-4fc8-a9be-e8e26cd9b354;No restrictions;;S - Soil;no/not relevant;every year a new map;regular monitoring, yearly;YES, georeferenced;AGRI_PARCEL LPI,POLYGON WITH Land Parcel Identification (LPI) is  available for agricultural parcel;FULL_REGIO,spatially exhaustive for the area of an administrative region/federal-state with natural unit boundaries;;75-100;agricultural parcel level based on 5m grid;;modeling;RUSLE;;NO;;
Belgium;692a9efb-8509-4a6f-a3be-6887f969867d;Uitgevoerde gemeentelijke erosiebestrijdingswerken (soil erosion control measures);Vlaamse overheid, Departement Omgeving, Vlaams Planbureau voor Omgeving (VPO);https://www.dov.vlaanderen.be/geonetwork/srv/dut/catalog.search#/metadata/692a9efb-8509-4a6f-a3be-6887f969867d;No restrictions;;S - Soil;no/not relevant;;;YES, georeferenced;ADMIN_POLYGONS, e.g. municipalities, polygons with administrative boundaries, other than agricultural blocks/farms;FULL_REGIO,spatially exhaustive for the area of an administrative region/federal-state with natural unit boundaries;; <10;;;;terrain observations;;NO;;
Belgium;83c46eae-a202-454c-b063-a858be3e4335;WRB Soil units 40k;Vlaamse overheid, Departement Omgeving, Vlaams Planbureau voor Omgeving (VPO);https://www.dov.vlaanderen.be/geonetwork/srv/dut/catalog.search#/metadata/83c46eae-a202-454c-b063-a858be3e4335;No restrictions;;S - Soil;no/not relevant;1947-1978;it was a single survey;YES, georeferenced;NATURAL_POLYGONs,polygons with natural boundaries;FULL_REGIO,spatially exhaustive for the area of an administrative region/federal-state with natural unit boundaries;;75-100;1:40.000;;borehole/profile;;;NO;;
Belgium;64e8a11d-5602-4ad5-b370-e4d396fe218f;WRB Reference Soil Groups 250k;Vlaamse overheid, Departement Omgeving, Vlaams Planbureau voor Omgeving (VPO);https://www.dov.vlaanderen.be/geonetwork/srv/dut/catalog.search#/metadata/64e8a11d-5602-4ad5-b370-e4d396fe218f;No restrictions;;S - Soil;no/not relevant;1947-1978;it was a single survey;YES, georeferenced;NATURAL_POLYGONs,polygons with natural boundaries;FULL_REGIO,spatially exhaustive for the area of an administrative region/federal-state with natural unit boundaries;;75-100;1:250.000;;borehole/profile;;;NO;;
Belgium;9d3df29f-ac3b-497d-9ed7-097e37232151;Bodemafdekkingskaart 2015 (BAK), 5 m resolutie (Soil sealing rate);Vlaamse overheid, Agentschap Informatie Vlaanderen;http://www.geopunt.be/catalogus/datasetfolder/9d3df29f-ac3b-497d-9ed7-097e37232151;No restrictions;;S - Soil;Remote sensed;2015;regular  monitoring 2-5 years;YES, georeferenced;GRID;FULL_REGIO,spatially exhaustive for the area of an administrative region/federal-state with natural unit boundaries;;75-100;5 m grid;;;;;NO;;
Belgium;2035e01e-eef5-4806-948c-df7b966169a1;Gevoeligheid voor grondverschuivingen (susceptilbity landslides);Vlaamse overheid, Departement Omgeving, Vlaams Planbureau voor Omgeving (VPO);https://www.dov.vlaanderen.be/geonetwork/srv/dut/catalog.search#/metadata/2035e01e-eef5-4806-948c-df7b966169a1;No restrictions;;S - Soil;no/not relevant;2009;it was a single survey;YES, georeferenced;GRID;otherRestrictions;only for the region where landslides occur;okt-25;10 m grid;;;;;NO;;
Belgium;5e1146a5-4f72-4e93-a71d-8297d3dfec6c;Gekarteerde grondverschuivingen (mapped landslides);Vlaamse overheid, Departement Omgeving, Vlaams Planbureau voor Omgeving (VPO);https://www.dov.vlaanderen.be/geonetwork/srv/dut/catalog.search#/metadata/5e1146a5-4f72-4e93-a71d-8297d3dfec6c;No restrictions;;S - Soil;no/not relevant;2009;it was a single survey;YES, georeferenced;NATURAL_POLYGONs,polygons with natural boundaries;otherRestrictions;only for the region where landslides occur;okt-25;;;;;;NO;;
Belgium;c4f51b28-51bf-4189-8e98-72b94ae8da13;Bodemassociatiekaart (1:500.000);Vlaamse overheid, Vlaamse Landmaatschappij;https://www.geopunt.be/catalogus/datasetfolder/c4f51b28-51bf-4189-8e98-72b94ae8da13;No restrictions;;S - Soil;no/not relevant;1972;it was a single survey;YES, georeferenced;NATURAL_POLYGONs,polygons with natural boundaries;FULL,spatially exhaustive for the whole country/agricultural lands with natural unit boundaries;;75-100;1:500.000;;;;;NO;;
Belgium;Bemestingsallocatie;Estimation of amount of fertilizer (mineral fertilizer/animal manure)  yearly applied to each agricultural parcel in Flanders;Vlaamse overheid, Vlaamse Landmaatschappij;;Restricted;;O - Organisms;no/not relevant;;regular monitoring, yearly;YES, georeferenced;AGRI_PARCEL LPI,POLYGON WITH Land Parcel Identification (LPI) is  available for agricultural parcel;FULL,spatially exhaustive for the whole country/agricultural lands with natural unit boundaries;;75-100;Vector;;;;;NO;;Estimation based on the availability of manure on a farm, crop types and maximum allowed by manure decree (Nitrates Directive)
Belgium;7cc9babc-e021-46bc-abb6-1b74d44b14ea;Landbouwgebruikspercelen (Land parcel identification);Vlaamse overheid, Departement Landbouw & Visserij;http://www.geopunt.be/catalogus/datasetfolder/7cc9babc-e021-46bc-abb6-1b74d44b14ea;No restrictions;;O - Organisms;;2008;regular monitoring, yearly;YES, georeferenced;AGRI_PARCEL LPI,POLYGON WITH Land Parcel Identification (LPI) is  available for agricultural parcel;FULL_REGIO,spatially exhaustive for the area of an administrative region/federal-state with natural unit boundaries;;75-100;Vector;;;;;;;Based on input by farmers but checks with remote sensing
Belgium;Groeicurve;Groeicurve per perceel / growth curve per field parcel (based on NDVI);Vlaamse overheid, Departement Landbouw & Visserij;;No restrictions;;O - Organisms;Remote sensed;will be yearly available soon (estimated spring 2021);regular monitoring, yearly;YES, georeferenced;AGRI_PARCEL LPI,POLYGON WITH Land Parcel Identification (LPI) is  available for agricultural parcel;FULL_REGIO,spatially exhaustive for the area of an administrative region/federal-state with natural unit boundaries;;75-100;Vector;;;;;;;
Denmark;DSPDB;Danish Soil Profile Database;Aarhus University;http://dx.doi.org/10.1080/00167223.1985.10649211;Restricted;;S - Soil;no/not relevant;2012;otherRestrictions;YES, georeferenced;POINT;FULL,spatially exhaustive for the whole country/agricultural lands with natural unit boundaries;;75-100;2,400 points total;;Soil profile database with profile and horizon descriptions. Soil properties measured on samples collected from pedogenetic horizons.;Conventional;Genetic-based horizons (A, Ap, B, C etc);NO;No;Collection of data from several surveys in different locations conducted 1980 - 2012.
Denmark;DSCDB;Danish Soil Classification Data Base;Aarhus University;Madsen, H.B., Nørr, A.H. and Holst, K.A. The Danish soil classification. The Royal Danish Geographical Society, Copenhagen, Denmark, 1992.;Restricted;;S - Soil;no/not relevant;1980;it was a single survey;YES, georeferenced;POINT;FULL,spatially exhaustive for the whole country/agricultural lands with natural unit boundaries;;75-100;38,000 points total. Sampling densities,1 sample per 70 - 90 ha (0 - 20 cm). 1 sample per 600 ha (35 - 55 cm).;;Each point is a bulk sample of 25 - 30 subsamples collected at evenly spaced intervals within a 5000 m^2 area with a 15 mm auger.;Conventional;Other  depth intervals (specify in comments);NO;No;"Sampling intervals,0 - 20 cm depth; 20 - 40 cm (exceptionally), 35 - 55 cm (rarely)"
Denmark;DSMDB;Danish Soil Monitoring Data Base;Aarhus University;http://dx.doi.org/10.1111/ejss.12169;Restricted;;O - Organisms;no/not relevant;2019;regular monitoring 5-10 years;YES, georeferenced;POINT;FULL,spatially exhaustive for the whole country/agricultural lands with natural unit boundaries;;75-100;Points located in 7-km grid, about 830 in total;;The data represent bulk samples composed of 16 subsamples collected within a 50x50 m area. Samples were collected in 1986, 1997, 2009 and 2019.;None;Other  depth intervals (specify in comments);NO;No;Sampling intervals,0 - 25 cm, 25 - 50 cm, 50 - 75 cm, 75 - 100 cm
Denmark;DASDB;Danish Acid Sulphate Data Base;Aarhus University;https://doi.org/10.1016/S0341-8162(85)80031-X;Restricted;;S - Soil;no/not relevant;1984;it was a single survey;YES, georeferenced;POINT;"TARGET AREAS, for the whole country, but thematically constrained (please specify; e.g.,on irrigated areas, nitrate vulnerable zones etc.)";;okt-25;8122 points in total;;Borehole database with samples collected with a hand auger from pedogenetic horizons within boreholes.;Conventional;Genetic-based horizons (A, Ap, B, C etc);NO;No;Covers wetland areas in Jutland.
Denmark;DSWDB;Danish Sinks Wetland Data Base;Aarhus University;http://dx.doi.org/10.1097/ss.0000000000000066;Restricted;;S - Soil;no/not relevant;2010;it was a single survey;YES, georeferenced;POINT;"TARGET AREAS, for the whole country, but thematically constrained (please specify; e.g.,on irrigated areas, nitrate vulnerable zones etc.)";;okt-25;9751 points in total;;Soil properties measured on soil cores extracted from predefined depth intervals with a 5-cm hand auger. Data includes an evaluation of the quality of each core.;Decision tree classification;Other  depth intervals (specify in comments);NO;No;Covers historic areas with organic soils. Sampling intervals,0 - 30 cm, 34 - 64 cm, 68 - 98 cm, 102 - 132 cm.
Denmark;DDSM;Danish Digital Soil Maps;Aarhus University;;otherRestrictions;;S - Soil;no/not relevant;2012;it was a single survey;YES, georeferenced;GRID;FULL,spatially exhaustive for the whole country/agricultural lands with natural unit boundaries;;75-100;Rasters with 30.4 m resolution;;Digital soil maps produced at national level for Denmark, based on legacy soil data. Compiled from several studies.;Various, including Decision tree classification, Cubist regression models, machine learning model ensembles, artificial neural networks;"Standard GSM depth intervals; layers according to GlobalSoilMap ";YES;No;"GSM intervals, however, intervals at 0 - 30 cm have been merged to one. Uncertainty estimates available for some properties. References,http://dx.doi.org/10.1371/journal.pone.0105519; http://dx.doi.org/10.2136/sssaj2012.0275; http://dx.doi.org/10.1016/j.geoderma.2017.10.015; https://doi.org/10.1016/j.geoderma.2018.01.018"
Denmark;DFR;Danish Farmers' Refistrations;Aarhus University/Danish Agricultural Agency;https://lbst.dk/landbrug/kort-og-markblokke/markkort-og-markblokke/;Restricted;;O - Organisms;no/not relevant;2020;regular monitoring, yearly;YES, georeferenced;FARMER_Block LPI,POLYGON WITH Land Parcel Identification (LPI) is  available for farmer's block;FULL,spatially exhaustive for the whole country/agricultural lands with natural unit boundaries;;75-100;About 600,000 field polygons per year;;Danish farmers' crop registrations at field level for the Common Agricultural Policy of the European Union. Polygons and crop data provided by farmers.;Polygons registered by farmers.;otherRestrictions;NO;No;No soil observations, only land use.
Ireland;IrishSIS;Irish Soil Information System;Teagasc/EPA;http://gis.teagasc.ie/soils/;otherRestrictions;No restrictions with the exception of the original point data to retain annonymity requirements under the terms of data collection;S - Soil;no/not relevant;2009-2014;it was a single survey;YES, georeferenced;DERIVED Soil Profiles linked to the polygons;FULL,spatially exhaustive for the whole country/agricultural lands with natural unit boundaries;;75-100;1:250000;;mainly based on profile sampling;Conventional mapping,http://gis.teagasc.ie/soils/;Genetic-based horizons (A, Ap, B, C etc);YES;NO;
Ireland;SQUARE-SoilQualityAssessmentResearchproject;Soil Quality Assessment Research Project;Teagasc ;https://www.teagasc.ie/environment/soil/research/square/;Restricted;;S - Soil;Proximal sensed;2014-2015;it was a single survey;YES, georeferenced;otherRestrictions;"TARGET AREAS, for the whole country, but thematically constrained (please specify; e.g.,on irrigated areas, nitrate vulnerable zones etc.)";;available as points;;;mainly based on profile sampling;Conventional mapping,http://gis.teagasc.ie/soils/;Genetic-based horizons (A, Ap, B, C etc);NO;NO;The data is point data at selected sites across the country to capture the main agroclimatic zones in Ireland. The data have not been extrapolated but contains detailed survey information - soil and management. 
Ireland;TellusGSI;Tellus Geophyical and Geochemical Survey;GSI;https://www.gsi.ie/en-ie/programmes-and-projects/tellus/Pages/default.aspx;No restrictions;;S - Soil;no/not relevant;2011-2023;it was a single survey;YES, georeferenced;GRID;FULL,spatially exhaustive for the whole country/agricultural lands with natural unit boundaries;;50-75;1 point per 4 km2;;Survey includes both remote (airborne) and ground-based geochemical surveying so does not fit into either 'remote' or 'proximal' but is both.;Gridded;Other  depth intervals (specify in comments);;NO;Sampled to 10cm depth
Ireland;NSDB;National Soil Database of Ireland;Teagasc/EPA;http://www.epa.ie/pubs/reports/research/land/nsdbfinalreport/;Restricted;;S - Soil;Proximal sensed;1995 & 2003-2005;it was a single survey;YES, georeferenced;POINT;FULL,spatially exhaustive for the whole country/agricultural lands with natural unit boundaries;;available as points;2 points per 100 km2 = 1310 points.;;Soil sampling to 10cm depth based upon an 10km gridded design.;Geostatistics & Spatial statistics;0.1m;YES;no;
Slovakia;SK-BPEJ;Soil ecological units (land evaluation system);NPPC;http://www.podnemapy.sk/portal/verejnost/bpej/bpej.aspx;No restrictions;;S - Soil;no/not relevant;1971-2019;otherRestrictions;YES, georeferenced;DERIVED Soil Profiles linked to the polygons;FULL,spatially exhaustive for the whole country/agricultural lands with natural unit boundaries;;75-100;3,513888889;;class area polygon maps based on soil profile observations;conventional mapping;defined as  topsoil/subsoil  only, without any other desription;NO;no;Fisrst data were colected 1971-1976. Continuous update on request
Slovakia;SK-CMS-P;National soil monitoring system;NPPC;"http://www.podnemapy.sk/portal/prave_menu/cms_p/cms_p.aspx ;http://envirozataze.enviroportal.sk";Restricted;;S - Soil;Proximal sensed;1993-2018;regular  monitoring 2-5 years;YES, georeferenced;POINT;FULL,spatially exhaustive for the whole country/agricultural lands with natural unit boundaries;;available as points;totaly 318 monitoring sites;;borehole/profile, chemical properties-disturbed samples, physical properties - undisturbed samples;conventional mapping;Other  depth intervals (specify in comments);NO;no;frequency of data collection - repetition 5 years, selected sites every year, depth intervals - (0-10, 20-30, 35-45 cm)
Slovakia;SK-PM400;Soil Map of Slovakiain 1:400k scale;NPPC;http://www.podnemapy.sk/poda400/viewer.htm;No restrictions;;S - Soil;no/not relevant;1993;it was a single survey;YES, georeferenced;DERIVED Soil Profiles linked to the polygons;FULL,spatially exhaustive for the whole country/agricultural lands with natural unit boundaries;;75-100;1:400 000;;generalised class-area maps based on finer scale national mapping products;conventional mapping;otherRestrictions;NO;no;depth intervals not assumed
Slovakia;SK-AISOP;Agricultural Soil Profiles Database;NPPC;;Restricted;;S - Soil;Proximal sensed;1961-1970;it was a single survey;YES, georeferenced;POINT;FULL,spatially exhaustive for the whole country/agricultural lands with natural unit boundaries;;available as points;17,741 points, 1 point per 120 ha of agricultural land;;profile;conventional mapping;Genetic-based horizons (A, Ap, B, C etc);NO;no;
Slovakia;SK-LPIS;National Land Parcel Identification System;Ministry of Agriculture and Rural Development;;Restricted;;;no/not relevant;2004-2020;regular monitoring, yearly;YES, georeferenced;PHYSICAL_Block_LPI,POLYGON WITH Land Parcel Identification (LPI) is  available for physical/topographical block;FULL,spatially exhaustive for the whole country/agricultural lands with natural unit boundaries;;75-100;3,513888889;;aerial images/satellite images/ground survey;photo‑interpretation;otherRestrictions;NO;;
Slovakia;SK-08;Soil ecological units (land evaluation system);NPPC;http://www.podnemapy.sk/portal/verejnost/bpej/bpej.aspx;No restrictions;;S - Soil;no/not relevant;1971-2019;otherRestrictions;YES, georeferenced;DERIVED Soil Profiles linked to the polygons;FULL,spatially exhaustive for the whole country/agricultural lands with natural unit boundaries;;75-100;3,513888889;;class area polygon maps based on soil profile observations;conventional mapping;defined as  topsoil/subsoil  only, without any other desription;NO;no;Fisrst data were colected 1971-1976. Continuous update on request
Slovakia;SK-09;National soil monitoring system;NPPC;"http://www.podnemapy.sk/portal/prave_menu/cms_p/cms_p.aspx ;http://envirozataze.enviroportal.sk";Restricted;;S - Soil;Proximal sensed;1993-2018;regular  monitoring 2-5 years;YES, georeferenced;POINT;FULL,spatially exhaustive for the whole country/agricultural lands with natural unit boundaries;;available as points;totaly 318 monitoring sites;;borehole/profile, chemical properties-disturbed samples, physical properties - undisturbed samples;conventional mapping;Other  depth intervals (specify in comments);NO;no;frequency of data collection - repetition 5 years, selected sites every year, depth intervals - (0-10, 20-30, 35-45 cm)
Slovakia;SK-10;Soil Map of Slovakiain 1:400k scale;NPPC;http://www.podnemapy.sk/poda400/viewer.htm;No restrictions;;S - Soil;no/not relevant;1993;it was a single survey;YES, georeferenced;DERIVED Soil Profiles linked to the polygons;FULL,spatially exhaustive for the whole country/agricultural lands with natural unit boundaries;;75-100;1:400 000;;generalised class-area maps based on finer scale national mapping products;conventional mapping;otherRestrictions;NO;no;depth intervals not assumed
Slovakia;SK-11;Agricultural Soil Profiles Database;NPPC;;Restricted;;S - Soil;Proximal sensed;1961-1970;it was a single survey;YES, georeferenced;POINT;FULL,spatially exhaustive for the whole country/agricultural lands with natural unit boundaries;;available as points;17,741 points, 1 point per 120 ha of agricultural land;;profile;conventional mapping;Genetic-based horizons (A, Ap, B, C etc);NO;no;
Slovakia;SK-12;National Land Parcel Identification System;Ministry of Agriculture and Rural Development;;Restricted;;;no/not relevant;2004-2020;regular monitoring, yearly;YES, georeferenced;PHYSICAL_Block_LPI,POLYGON WITH Land Parcel Identification (LPI) is  available for physical/topographical block;FULL,spatially exhaustive for the whole country/agricultural lands with natural unit boundaries;;75-100;3,513888889;;aerial images/satellite images/ground survey;photo‑interpretation;otherRestrictions;NO;;
Switzerland;SWISSSOILDATASETVERSION5-2020;Swiss Soil Dataset Version 5 (2020);NABODAT;https://nabodat.ch/index.php/de/service/bodendatensatz;No restrictions;some sites in the dataset are anonymized (coordinates rounded to 1km);;;1960-2016;otherRestrictions;YES, georeferenced;POINT;otherRestrictions;Collection of Soil data from federal and cantonal projects. Not representative of the whole country area. Clusters of data in cantons with a lot of soil mapping data and agricultural land use.;available as points;;;mixed sampling type;;otherRestrictions;;LUCAS is part of this dataset (with anonymized coordinates);The Swiss Soil Dataset is updated yearly. The goal is to provide a harmonized dataset with data that the cantons manage on NABODAT, the swiss soil data management platform.
Belgium;CNSW;Digital Map of Walloon Soils;Public Service of Wallonia (SPW);Legrain X., Demarcin P., Colinet G., Bock L. ,cartographie des sols en Belgique ,aperçu historique et présentation des travaux actuels de valorisation et de révision de la Carte Numérique des Sols de Wallonie. Biotechnol. Agron. Soc. Environ., 2011, 15(S2) pp. 647-656;Restricted;" Downloadable on demand (owner) ; online visualization (http://geoportail.wallonie.be/catalogue/c5bedf2b-1cac-4231-9d9a-854e0ef2c9ce.html) ";;Proximal sensed;1947-1991;it was a single survey;YES, georeferenced;DERIVED Soil Profiles linked to the polygons;FULL_REGIO,spatially exhaustive for the area of an administrative region/federal-state with natural unit boundaries;;75-100;1:20.000 (scale);;Whole profile by soil horizons ;Conventional mapping;Genetic-based horizons (A, Ap, B, C etc);NO;Not applicable;
Belgium;AARDEWERK;Aardewerk database;Public Service of Wallonia (SPW);Van Orshoven S. and Vandenbroecke D. (1993) Guide de l’utilisation de Aardewerk – Base de données de profils pédologiques. Institut pour l’encouragement de la Recherche scientifique dans l’Industrie et l’Agriculture, Bruxelles, 44 p.;Restricted; Downloadable on demand (owner);;Proximal sensed;1947-1991;it was a single survey;YES, georeferenced;POINT;FULL_REGIO,spatially exhaustive for the area of an administrative region/federal-state with natural unit boundaries;;available as points;13.033 profiles;;Whole profile by soil horizons ;Not applicable;Genetic-based horizons (A, Ap, B, C etc);NO;Not yet;
Belgium;CARBIOSOL;Carbiosol map;Public Service of Wallonia (SPW);Chartin C., Kruger I., Van Wesemael B., Carnol M., (2017) Carbiosol, Carbone organique, biomasse et activité microbienne des sols ,vers un indicateur de la qualité des sols en Wallonie-Rapport final, 111 pages;Restricted;" Downloadable on demand (owner) ; online visualization (http://geoportail.wallonie.be/catalogue/47e4ea34-fe00-4712-b795-4a85fdab7dd7.html) ";;Proximal sensed;1949-1972 and 2004-2014;it was a single survey;YES, georeferenced;GRID;FULL_REGIO,spatially exhaustive for the area of an administrative region/federal-state with natural unit boundaries;;75-100;90 m (pixel size);;Top soil measurement;Digital Soil Mapping and geostatistic;defined as  topsoil/subsoil  only, without any other desription;YES;Not applicable;
Belgium;REQUASUD;REQUASUD database;REQUASUD asbl;http://www.requasud.be/outils/;Restricted; Downloadable on demand (owner);;Proximal sensed;1994-2020;otherRestrictions;YES, georeferenced;POINT;FULL_REGIO,spatially exhaustive for the area of an administrative region/federal-state with natural unit boundaries;;available as points;1.700.000 points;;Whole profile by fixed depths intervals;Not applicable;Other  depth intervals (specify in comments);NO;Not yet;"Montiroring,variable periodicity. Depth intervals,0-30 cm; 30-60 cm and 60-90 cm."
Latvia;Digitalprofiles;Digital soil database ( soil profiles);Ministry of Agriculture of the Republic of Latvia;https://geolatvija.lv/geo/p/319;No restrictions;;;no/not relevant;1960-1991;otherRestrictions;YES, georeferenced;DERIVED Soil Profiles linked to the polygons;FULL,spatially exhaustive for the whole country/agricultural lands;;75-100;1:10 000;;profile sampling, samples from topsoil and subsoil;;Genetic-based horizons (A, Ap, B, C etc);NO;No;
Latvia;Digitalpolygons;Digital soil database (soil polygons );Ministry of Agriculture of the Republic of Latvia;https://geolatvija.lv/geo/p/317;No restrictions;;;no/not relevant;1960-1991;otherRestrictions;YES, georeferenced;POLYGON, without LPI (Land Parcel Identification);FULL,spatially exhaustive for the whole country/agricultural lands;;75-100;1:10 000;;profile sampling (samples from topsoil and subsoil), soil sampling with augers. ;;Genetic-based horizons (A, Ap, B, C etc);NO;No;
Latvia;GeoChem;Geochemical Atlas of Latvia;Ministry of Environmental Protection and Regional Development of the Republic Latvia;N/A;otherRestrictions;Hard copy only;;no/not relevant;1997-2000;it was a single survey;YES, georeferenced;POINT;FULL,spatially exhaustive for the whole country/agricultural lands;;available as points;2584 points;;profile sampling, samples from topsoil and subsoil;;defined as  topsoil/subsoil  only, without any other desription;NO;No;
Latvia;SPPS;Soil agrochemical research database of the State Information System for Monitoring of Agricultural Plants (SISMAP);State plant protection service;http://www.vaad.gov.lv/sakums/informacija-sabiedribai/par-augsnu-agrokimisko-izpeti-un-minerala-slapekla-monitoringu.aspx;Restricted;;;no/not relevant;2004 - 2020;regular monitoring, yearly;YES, georeferenced;POINT;"TARGET AREAS, for the whole country, but thematically constrained (please specify; e.g.,on irrigated areas, nitrate vulnerable zones etc.)";;available as points;101087 points;;Topsoil sampling;;Other  depth intervals (specify in comments);NO;No;Sampling depth intervals,0-20 cm
Latvia;SPPSN;Database on the monitoring of mineral nitrogen in soils of the SISMAP;State plant protection service;http://www.vaad.gov.lv/sakums/informacija-sabiedribai/par-augsnu-agrokimisko-izpeti-un-minerala-slapekla-monitoringu.aspx;Restricted;;;no/not relevant;2005 - 2020;regular monitoring, yearly;YES, georeferenced;POINT;NETWORK of pilots/experiments or identified farms, boundary of unit is related to management;;available as points;48 points;;Topsoil and subsoil sampling;;Other  depth intervals (specify in comments);NO;No;"Sampling depth intervals,0 - 30; 30-60; 60-90 cm"
Latvia;SILAVA;National forest inventory;LSFRI Silava;;Restricted;;;no/not relevant;2014-2018;it was a single survey;YES, georeferenced;POINT;FULL,spatially exhaustive for the whole country/agricultural lands;;available as points;400 points;;profile sampling, samples from topsoil and subsoil;;Other  depth intervals (specify in comments);NO;No;"Sampling depth intervals,0-10; 10-20; 20-40; 40-80 cm"
Latvia;Pēterlauki;The long-term field trials “Pēterlauki” ;Latvia University of Life Sciences and Technologies ;;otherRestrictions;Data not avilable as data set. Various research is done on the site. Mostly used for student research. ;;no/not relevant;1993 -2020;otherRestrictions;none of the above (please specify in comments);;otherRestrictions;This is a study research site that operates under Latvia University of Life Sciences and Technologies. Therefore their data is focused on various individual research papers and can not be georeferenced or used as a complete data set;not relevant;;;mostly topsoil, for specific research from topsoil and subsoil;;otherRestrictions;NO;No;Sampling depth interval,0 - 25. 
Latvia;Vecauce;The long-term field trials “Vecauce” ;Latvia University of Life Sciences and Technologies ;;otherRestrictions;Data not avilable as data set. Various research is done on the site. Mostly used for student research. ;;no/not relevant;1921 - 2020;otherRestrictions;none of the above (please specify in comments);;otherRestrictions;This is a study research site that operates under Latvia University of Life Sciences and Technologies. Therefore their data is focused on various individual research papers and can not be georeferenced or used as a complete data set;not relevant;;;N/A;N/A;N/A;N/A;No;
Latvia;AREIPriekuļi;The long-term field trials in  State Priekuļi Plant Breeding Institute;Institute of agricultural resources and economics;;Restricted;;;no/not relevant;2001-2020;regular monitoring, yearly;NO, available as statistical data only;;NETWORK of pilots/experiments or identified farms, boundary of unit is related to management;;not relevant;;;profile sampling, samples from topsoil and subsoil;;defined as  topsoil/subsoil  only, without any other desription;NO;No;
Latvia;AREIStende;The long-term field trials in State Stende Cereals Breeding Institute;Institute of agricultural resources and economics;;Restricted;;;no/not relevant;2001-2020;regular monitoring, yearly;NO, available as statistical data only;;NETWORK of pilots/experiments or identified farms, boundary of unit is related to management;;not relevant;;;profile sampling, samples from topsoil and subsoil;;defined as  topsoil/subsoil  only, without any other desription;NO;No;
Latvia;ZMNĪ;Amelioration cadastre information system;State limited company  Ministry of Agriculture, Real Estate ;https://www.melioracija.lv/;otherRestrictions;Digital map with overall information is available online. Specific data for specific areas can be requested and is available under special permission.;;Remote sensed;2018;it was a single survey;YES, georeferenced;GRID;FULL,spatially exhaustive for the whole country/agricultural lands;;75-100;1:10 000;;N/A;N/A;N/A;N/A;N/A;
Latvia;LLUSkrīveri;The long-term field trials “Sidrabiņi” ;Latvia University of Life Sciences and Technologies ;;otherRestrictions;;;no/not relevant;1981 - 2020;regular monitoring, yearly;YES, georeferenced;AGRI_PARCEL LPI,POLYGON WITH Land Parcel Identification (LPI) is  available for agricultural parcel;NETWORK of pilots/experiments or identified farms, boundary of unit is related to management;;not relevant;;The long-term field trials, 1,6 ha ;Topsoil sampling;;defined as  topsoil/subsoil  only, without any other desription;NO;No;Sampling depth intervals,0-20 cm
Latvia;LUĢZZF;Universiy of Latvia fieldwork station;University of Latvia, Faculty of Geography and Earth Sciences;;Restricted;;;no/not relevant;2019 -2020;it was a single survey;YES, georeferenced;DERIVED Soil Profiles linked to the polygons;ADMIN_SMALL,data related to administrative units (e.g.NUTs), boundary of units is not related to management;;not relevant;;;Profile sampling (samples from topsoil and subsoil), soil sampling with augers. ;;Genetic-based horizons (A, Ap, B, C etc);NO;No;
Latvia;Dārzkopībasinstitūts;The long-term field trials in the Institute of Horticulture;Latvia University of Life Sciences and Technologies ;;Restricted;;;no/not relevant;1945-2020;regular monitoring, yearly;NO, available as statistical data only;;NETWORK of pilots/experiments or identified farms, boundary of unit is related to management;;not relevant;;;Samples from topsoil;;Other  depth intervals (specify in comments);NO;No;"0-20; 0-30; 30-60 cm"
Sweden;Soil&CropInventory;National Arable Soil & Crop Inventory;SEPA (Swedish Environmental Protection Agency);https://www.slu.se/institutioner/mark-miljo/miljoanalys/akermarksinventeringen/undersokningar/mark-grodoinventeringen/;Restricted;Statistics and mesurements without coordinates are freely available.;S - Soil;no/not relevant;1988 - 2017;regular monitoring 5-10 years;YES, georeferenced;POINT;FULL,spatially exhaustive for the whole country/agricultural lands with natural unit boundaries;;available as points;5 300 points in total, 0.002 points/ha;Distributed over all arable land.;mainly based on profile sampling (0 - 0.2 m and 0.4 - 0.6 m);;otherRestrictions;NO;NO;"topsoil (0 - 0.2 m) and subsoil (0.4 - 0.6 m); coordinates are confidential"
Sweden;ArableSoils;National Inventory of Arable Soils;SBA (Swedish Board of Agriculture);http://www2.jordbruksverket.se/download/18.4288f19214fb7ec78849af18/1441973777932/ra15_19.pdf ;Restricted;Statistics and mesurements without coordinates are freely available.;S - Soil;no/not relevant;2011 - 2013;it was a single survey;YES, georeferenced;POINT;FULL,spatially exhaustive for the whole country/agricultural lands with natural unit boundaries;;available as points;12 600 pints in total, 0.005 points/ha;;"profile sampling; topsoil only (0 - 0.2 m)";;otherRestrictions;NO;NO;"topsoil (0 - 0.2 m); coordinates are confidential"
Sweden;SoilCompaction;National Soil Compaction Survey;SEPA (Swedish Environmental Protection Agency);https://www.slu.se/institutioner/mark-miljo/forskning/jordbearbetning/miljoovervakning/?si=C8E21EFA1402F7CC038D7AAE7BF5EF7F&rid=2023297005&sn=sluEPi6-prodSearchIndex;No restrictions;Coordinates not included in the available data.;S - Soil;no/not relevant;2003 - 2019;regular monitoring 5-10 years;YES, georeferenced;POINT;NETWORK of pilots/experiments or identified farms, boundary of units are related to management;;available as points;20 point per field. 30 fields. ;;undisturbed cylinder samles;;Other  depth intervals (specify in comments);NO;NO;Monitoring of soil compaction in 30 typical fields. Samples taken at 15, 30, 50 and 70 cm. Coordinates are confidential.
Sweden;DigitalSoilMapping;Digital Soil Mapping Sweden;SLU (Swedish University of Agricultural Sciences);Piikki, K. & Söderström, M. (2019) Digital soil mapping of arable land in Sweden - Validation of performance at multiple scales. Geoderma 352,342 - 350;Restricted;CC-BY;S - Soil;Remote sensed;1965 - present;otherRestrictions;YES, georeferenced;GRID;FULL,spatially exhaustive for the whole country/agricultural lands with natural unit boundaries;Raster based maps with a resolution of 50 m (pixel size). No monitoring, but irregular updates in the database ;75-100;pixel size 50 m;Sweref99TM;topsoil only;;defined as  topsoil/subsoil  only, without any other desription;NO;Yes, unpublished.;topsoil only (0 - 0.2 m).  CC-BY licence More info and possibility to download from here,https://www.sgu.se/samhallsplanering/planering-och-markanvandning/markanvandning/jordbruk-skog-och-fiske/lerhaltskartan-digital-akermarkskarta/
Sweden;SoilTypes;Map of Soil Types;SGU (Swedish Geological Survey);;No restrictions;;S - Soil;no/not relevant;1960 - present;otherRestrictions;YES, georeferenced;otherRestrictions;FULL,spatially exhaustive for the whole country/agricultural lands with natural unit boundaries;the map has been established over many years and with different techniques. It is constantly being updated;not relevant;1:25 000 and 1:50 000;the data is available as ESRI shape file;extensive field mapping on foot + image interpretation (resolution 1:25000 and 1:50000), as well as aerial interpretation (1:50000 and 1:100000);;otherRestrictions;NO;NO;
Sweden;Monitoringwaterfromarablefields;Observationsfält på jordbruksmark;SEPA (Swedish Environmental Protection Agency);https://www.slu.se/institutioner/mark-miljo/forskning/hydroteknik/observationsfalt-typomraden/;Restricted;Statistics and mesurements without coordinates are freely available.;;no/not relevant;2005;otherRestrictions;YES, georeferenced;POINT;NETWORK of pilots/experiments or identified farms, boundary of units are related to management;;not relevant;10-20 points depending of field size;;bulksamples (?) from x boreholes, generally sampling depths of 0-20 cm, 20-45 cm and 45-75 cm;;otherRestrictions;NO;;Integrated monitoring where bi-weekly water samples are collected and evaluated as a reflection of agricultural management. Main focus is nitrogen and phosphorous losses. Soil samples where taken as a one time survey to determine the soil type. 
Sweden;Monitoringwaterfromagriculturalcatchments;Typområden på jordbruksmark;SEPA (Swedish Environmental Protection Agency);https://www.slu.se/institutioner/mark-miljo/forskning/hydroteknik/observationsfalt-typomraden/;Restricted;Statistics and mesurements without coordinates are freely available.;;no/not relevant;1995-2011;otherRestrictions;YES, georeferenced;POINT;NETWORK of pilots/experiments or identified farms, boundary of units are related to management;;not relevant;50 -60 points per catchment. ;;bulksamples from 4 to 10 boreholes of each samplingpoint, sampling depths 0-20 cm, 20-60 cm and 60-90 cm;;;;;Integrated monitoring where bi-weekly water samples are collected and evaluated as a reflection of agricultural management. Main focus is nitrogen and phosphorous losses. Soil samples where taken as a one time survey to determine the soil type in the catchment.
Sweden;Weatherdata;Meteorologisk analysmodell MESAN (AROME) - API;SMHI ;http://opendata.smhi.se/apidocs/metanalys/index.html;No restrictions;;C - Climate;no/not relevant;;otherRestrictions;YES, georeferenced;GRID;FULL,spatially exhaustive for the whole country/agricultural lands with natural unit boundaries;;;2.5 x 2.5 km;;;;;;;We have limited information on this data set. If interesting we could look for more detailed information.
Sweden;NMD;National Land Cover Database (NMD);SEPA (Swedish Environmental Protection Agency);https://gpt.vic-metria.nu/data/land/NMD/NMD2018_ProductDescription_ENG.pdf;No restrictions;;O - Organisms;;2017-2019;regular  monitoring 2-5 years;YES, georeferenced;GRID;FULL,spatially exhaustive for the whole country/agricultural lands with natural unit boundaries;;;10 km;;;;;;;We have limited information on this data set. If interesting we could look for more detailed information.
Sweden;Airborngammaradiationmeasurements;Geofysiska flygmätningar, gammastrålning (detaljerad);SGU (Swedish Geological Survey);http://www.sgu.se/om-sgu/verksamhet/kartlaggning/geofysik_att_se_ner_i_berget/flyggeofysisk-matning/;Restricted;;P - Parent material;;from 1968;;YES, georeferenced;POINT;FULL,spatially exhaustive for the whole country/agricultural lands with natural unit boundaries;;75-100;16-60 m between points in a flight line and 200 m between flight lines.;;;;defined as  topsoil/subsoil  only, without any other desription;;;Could not find where to insert this information in the  soil propertiy_data sheet . 
Sweden;Soillayerdata;Jordlagerföljder;SGU (Swedish Geological Survey);http://resource.sgu.se/dokument/produkter/jordlagerfoljder-beskrivning.pdf;Restricted;;S - Soil;;;;YES, georeferenced;POINT;;;;;;;;;;;We have limited information on this data set. If interesting we could look for more detailed information.
Sweden;Bedrock;GE.Berggrund 1:50 000 - 1:250 000 ;SGU (Swedish Geological Survey);;No restrictions;;P - Parent material;;;;YES, georeferenced;;FULL,spatially exhaustive for the whole country/agricultural lands with natural unit boundaries;;;1:50 000 - 1:250 000 ;;;;;;;We have limited information on this data set. If interesting we could look for more detailed information.         Could not find where to insert this information in the  soil propertiy_data sheet . 
Sweden;Elevation ;GSD-Elevation data, grid 2+ ;Lantmäteriet;https://www.lantmateriet.se/sv/Kartor-och-geografisk-information/geodataprodukter/produktlista/hojddata-grid-2/;Restricted;;R - Relief;Remote sensed;;;YES, georeferenced;GRID;FULL,spatially exhaustive for the whole country/agricultural lands with natural unit boundaries;;75-100;2 m;;;;;;;Could not find where to insert this information in the  soil propertiy_data sheet . 
Sweden;Arablefileddata;Skiftesdata;SBA (Swedish Board of Agriculture);;Restricted;This is what Swedish farmers report to EU;O - Organisms;;;;YES, georeferenced;FARMER_Block LPI,POLYGON WITH Land Parcel Identification (LPI) is  available for farmer's block;FULL,spatially exhaustive for the whole country/agricultural lands with natural unit boundaries;;75-100;;;;;;;;
Sweden;Erosionriskmaps;Erosion risk maps;SBA (Swedish Board of Agriculture);https://link.springer.com/article/10.1007/s13280-018-1134-8#Sec5;No restrictions;;;no/not relevant;2018;it was a single survey;YES, georeferenced;GRID;otherRestrictions;;75-100;cell size 2x2 m ;;;USPED;;;;Erosion model covering 90.4% of Swedens agrigultural land. 
UK;NATMAP;National Soil Map of England and Wales;LandIS, University of Cranfield;http://www.landis.org.uk/data/natmap.cfm;Restricted;Data licence and potential cost;S - Soil;Proximal sensed;1980 - 1995;it was a single survey;YES, georeferenced;NATURAL_POLYGONs,polygons with natural boundaries;FULL,spatially exhaustive for the whole country/agricultural lands with natural unit boundaries;;75-100;1:250000;;mixed sampling type - incorporates all previous detailed soil mapping augmented by a reconnaissance survey at 2-3/kme;Conventional mapping,https://doi.org/10.1007/978-94-007-5642-7_6;otherRestrictions;NO;N/K;This dataset does not contain any soil parameter information. It can be associated with parameter information on the basis of soil type
UK;NSI_Profile;National Soils Inventory - Profile;LandIS, University of Cranfield;http://www.landis.org.uk/data/nsiprofile.cfm;Restricted;Data licence and potential cost;S - Soil;Proximal sensed;1980 - 1995;it was a single survey;YES, georeferenced;POINT;FULL,spatially exhaustive for the whole country/agricultural lands with natural unit boundaries;;available as points;1 point per 5km grid;6,127 points data points in total;Soil pit excavation;5km Grid;Genetic-based horizons (A, Ap, B, C etc);NO;N/k;
UK;NSI_Topsoil;National Soils Inventory - Topsoil;LandIS, University of Cranfield;http://www.landis.org.uk/data/nsitopsoil.cfm;Restricted;Data licence and potential cost;S - Soil;Proximal sensed;1983 and 1995;otherRestrictions;YES, georeferenced;POINT;FULL,spatially exhaustive for the whole country/agricultural lands with natural unit boundaries;;available as points;1 point per 5km grid;6,127 points data points in total;Soil pit excavation;5km Grid;defined as  topsoil/subsoil  only, without any other description;NO;N/k;Data points sampled in both 1983 and 1995
UK;CEH_Topsoil;Countryside survey of topsoil in Great Britain;UK Centre for Ecology & Hydrology;https://catalogue.ceh.ac.uk/eidc/documents?facet=topic%7C0%2FSoil%2F;Restricted;;S - Soil;Proximal sensed;1978, 1998 & 2007;regular monitoring 5-10 years;YES, georeferenced;POINT;FULL,spatially exhaustive for the whole country/agricultural lands with natural unit boundaries;;available as points;None of above;1978= 1197 samples   1998 =1098 samples   2007 2614 samples;Soil pit excavation;;defined as  topsoil/subsoil  only, without any other description;NO;N/k;Maps of CEH Topsoil parameters can be found at http://mapapps2.bgs.ac.uk/ukso/home.html.                                                                                  A large number of datasets at national  and local scales are available here, https://catalogue.ceh.ac.uk/eidc/documents?facet=topic%7C0%2FSoil%2F
UK;CROME;The Crop Map of England;Catchment Based Approach (CaBA) ;https://data.catchmentbasedapproach.org/datasets/crop-map-of-england-2018;No restrictions;;O - Organisms;Remote sensed;2018;it was a single survey;YES, georeferenced;GRID;FULL,spatially exhaustive for the whole country/agricultural lands with natural unit boundaries;;75-100;None of above;32 million hexagonal cells classifying England;Remote classification;Remote classification;;;N/k;
UK;CEH_LC+Fert;CEH Land Cover plus Fertilisers;UK Centre for Ecology & Hydrology;https://www.ceh.ac.uk/services/ceh-land-cover-plus-products-fertilisers-pesticides;Restricted;;S - Soil;Remote sensed;2010-2015;it was a single survey;YES, georeferenced;GRID;FULL,spatially exhaustive for the whole country/agricultural lands with natural unit boundaries;;75-100;75-100;;Mixed sampling type;Anonymised data from British Survey of Fertiliser Practice (2010-2015) used with spatial interpolation model  to predict applications for every 1km grid cell in England The total application for each 1km square was then derived using crop areas from CEH Land Cover® plus,Crops;;;N/k;
UK;CEH_LC+Pest;CEH Land Cover plus Pesticides;UK Centre for Ecology & Hydrology;https://www.ceh.ac.uk/services/ceh-land-cover-plus-products-fertilisers-pesticides;Restricted;;S - Soil;Remote sensed;2012-2017;it was a single survey;YES, georeferenced;GRID;FULL,spatially exhaustive for the whole country/agricultural lands with natural unit boundaries;;75-100;75-100;;Mixed sampling type;Anonymised data from Pesticide Utilisation Survey data used with spatial interpolation model  to predict applications for every 1km grid cell in England, Wales and Scotland The total application for each 1km square was then derived using crop areas from CEH Land Cover® plus,Crops;;;N/k;Data available fro 162 active ingredients
UK;CEH_LC+Crops;CEH Land Cover plus Crops;UK Centre for Ecology & Hydrology;https://www.ceh.ac.uk/crops2015;Restricted;;S - Soil;Remote sensed;2015-2019;regular monitoring, yearly;YES, georeferenced;GRID;FULL,spatially exhaustive for the whole country/agricultural lands with natural unit boundaries;;75-100;Minimum classification area is 2ha;;Mixed sampling type;Land parcels are categorised within the Land Cover Map spatial framework using satellite data - Copernicus Sentinel-1 C-band SAR (Synthetic Aperture Radar) and, from 2016 onwards, Sentinel-2 optical data. ;;;N/k;The crops from 2016 onwards are winter wheat (including oats), spring wheat, winter barley, spring barley, oilseed rape, field beans, potatoes, sugar beet, maize, and improved grass. Other cereals, root crops, early potatoes, and vegetables are grouped in a class called ‘other’.
UK;England_Water_Situation;Water situation,national monthly reports for England;Environment Agency - UK Government;https://www.gov.uk/government/publications/water-situation-national-monthly-reports-for-england-2020;No restrictions;;C - Climate;no/not relevant;2012 - Present;otherRestrictions;No;;FULL,spatially exhaustive for the whole country/agricultural lands with natural unit boundaries;;75-100;;Low resolution published maps;Mixed sampling type;;;;NK;Monthly reports.                           Contains maps  and data for England for rainfall, SMD.
UK;NVZ_England;Nitrate Vulnerable Zone designations 2017 to 2020;Environment Agency - UK Government;https://environment.data.gov.uk/farmers/;No restrictions;;S - Soil;no/not relevant;2017-2020;it was a single survey;YES, georeferenced;NATURAL_POLYGONs,polygons with natural boundaries;FULL,spatially exhaustive for the whole country/agricultural lands with natural unit boundaries;;75-100;Vector dataset;;Not relevant;;;;;
UK;NVZ_Wales;Nitrate Vulnerable Zone designations 2017 to 2020;Natural Resources Wales;http://lle.gov.wales/map#m=-3.70282,52.39942,8;No restrictions;;S - Soil;no/not relevant;2017-2020;it was a single survey;YES, georeferenced;NATURAL_POLYGONs,polygons with natural boundaries;FULL,spatially exhaustive for the whole country/agricultural lands with natural unit boundaries;;75-100;Vector dataset;;Not relevant;;;;;
UK;GB_Bare_Soil_Erosion;Bare Soil Water Erosion Potential;British Geological Survey;https://map.bgs.ac.uk/arcgis/services/UKSO/UKSO_BGS/MapServer/WMSServer?;No restrictions;;S - Soil;Proximal sensed;1968-2013;it was a single survey;YES, georeferenced;GRID;FULL,spatially exhaustive for the whole country/agricultural lands with natural unit boundaries;;75-100;1kn grid;;point samples - up to 4 points/km2;Geostatistically interpolated map;Other  depth intervals (specify in comments);;;Map covers England, Wales and Scotland.   Fixed depth sampling - 5-20cm.          A 1:50,000 vector map is available under licence
UK;CEHLCM;CEH Land Cover Map 2017;UK Centre for Ecology & Hydrology;https://www.ceh.ac.uk/services/land-cover-map-2007;No restrictions;;S - Soil;Proximal sensed;2017;regular  monitoring 2-5 years;YES, georeferenced;GRID;FULL,spatially exhaustive for the whole country/agricultural lands with natural unit boundaries;;75-100;25m grid;;Not relevant;;;;;Map covers England, Wales and Scotland and Northern Ireland.  A vector map is available under licence.                                                CEH LCM 2015 is available under the same conditions as outlined above.
UK;BGS_Geology;Geology of Britain;British Geological Survey;http://mapapps.bgs.ac.uk/geologyofbritain/home.html?&_ga=2.233755742.1734434781.1602596859-854914404.1598689897;otherRestrictions;Data available freely as a map service at link indicated.;P - Parent material;Proximal sensed;1968-2013;it was a single survey;YES, georeferenced;NATURAL_POLYGONs,polygons with natural boundaries;FULL,spatially exhaustive for the whole country/agricultural lands with natural unit boundaries;;75-100;1:625,000 and 1:50,000;;;;;;;Data includes Bedrock and superficial geology
UK;UK_ClimateSummaries;UK Climate Summary;UK MetOffice;https://www.metoffice.gov.uk/research/climate/maps-and-data/summaries/index;No restrictions;;C - Climate;Proximal sensed;2001 - 2020;otherRestrictions;Data updated on a monthly basis;otherRestrictions;FULL,spatially exhaustive for the whole country/agricultural lands with natural unit boundaries;;75-100;5km grid;;;;;;;Monthly reports.  Contains maps  and data for England, Wale, Scotland and Northern Ireland
UK;England_Flood_Risk;Indicative Flood Risk Areas for England;Environment Agency - UK Government;https://data.gov.uk/dataset/7792054a-068d-471b-8969-f53a22b0c9b2/indicative-flood-risk-areas-shapefiles;No restrictions;;C - Climate;no/not relevant;2020;regular monitoring, yearly;YES, georeferenced;GRID;FULL,spatially exhaustive for the whole country/agricultural lands with natural unit boundaries;;75-100;1km grid;;;;;;;
UK;NSI_Scotland_1978-88;National Soil Inventory of Scotland (1978-88) ;James Hutton Institute;https://www.hutton.ac.uk/learning/natural-resource-datasets/soilshutton/soils-maps-scotland/download;No restrictions;;S - Soil;Proximal sensed;1978-88;it was a single survey;YES, georeferenced;POINT;FULL,spatially exhaustive for the whole country/agricultural lands with natural unit boundaries;;75-100;10 km grid;;mixed sampling type - incorporates all previous detailed soil mapping augmented by a reconnaissance survey at 2-3/kme;721;Genetic-based horizons (A, Ap, B, C etc);NO;N/K;
UK;NSI_Scotland_2007-09;National Soil Inventory of Scotland (2007-09) ;James Hutton Institute;https://www.hutton.ac.uk/learning/natural-resource-datasets/soilshutton/soils-maps-scotland/download;No restrictions;;S - Soil;Proximal sensed;2007-09;otherRestrictions;YES, georeferenced;POINT;FULL,spatially exhaustive for the whole country/agricultural lands with natural unit boundaries;;75-100;10 km grid;;mixed sampling type - incorporates all previous detailed soil mapping augmented by a reconnaissance survey at 2-3/kme;183;Genetic-based horizons (A, Ap, B, C etc);NO;N/K;Monitoring approx 25 years
UK;NSM_Scotland;National soil map of Scotland;James Hutton Institute;https://www.hutton.ac.uk/learning/natural-resource-datasets/soilshutton/soils-maps-scotland/download#soilmapdata;No restrictions;;S - Soil;Proximal sensed;1947-1981;it was a single survey;YES, georeferenced;NATURAL_POLYGONs,polygons with natural boundaries;FULL,spatially exhaustive for the whole country/agricultural lands with natural unit boundaries;;75-100;1:250000;;mixed sampling type - generalised soil map, partly derived from a 1:50,000 map of the soils of Scotland. The soil classification used was updated in 2013;Conventional mapping,https://spatialdata.gov.scot/geonetwork/srv/eng/catalog.search#/metadata/B7E65842-C041-4950-BF0C-3AF06C2DBAE7;otherRestrictions;NO;N/K;This dataset does not contain any soil parameter information. It can be associated with parameter information on the basis of soil type.
UK;NVZ_Scotland;Nitrate Vulnerable Zone designations 2017 to 2020;Scottish Government;https://map.environment.gov.scot/Soil_maps/?layer=9#;No restrictions;;S - Soil;Proximal sensed;2017-20;it was a single survey;YES, georeferenced;NATURAL_POLYGONs,polygons with natural boundaries;FULL,spatially exhaustive for the whole country/agricultural lands with natural unit boundaries;;okt-25;01:50,0;;Not relevant;;;;;
UK;NSM_Scotland_Partial;Soil map of Scotland (partial cover);James Hutton Institute;https://www.hutton.ac.uk/learning/natural-resource-datasets/soilshutton/soils-maps-scotland/download#soilmapdata;No restrictions;;S - Soil;Proximal sensed;1947-1981;it was a single survey;YES, georeferenced;NATURAL_POLYGONs,polygons with natural boundaries;otherRestrictions;For specific national map sheets;25-50;01:25,0;;mixed sampling type - incorporates all previous detailed soil mapping augmented by a reconnaissance survey at 2-3/kme;Conventional mapping,https://doi.org/10.1007/978-94-007-5642-7_6;otherRestrictions;NO;;This dataset does not contain any soil parameter information.
UK;AWC_Scotland;Available Water Capacity Scotland;James Hutton Institute;https://www.hutton.ac.uk/learning/natural-resource-datasets/soilshutton/soils-maps-scotland/download;No restrictions;;S - Soil;Proximal sensed;1947-1981;it was a single survey;YES, georeferenced;NATURAL_POLYGONs,polygons with natural boundaries;FULL,spatially exhaustive for the whole country/agricultural lands with natural unit boundaries;;75-100;;;mixed sampling type - incorporates all previous detailed soil mapping augmented by a reconnaissance survey at 2-3/kme;Conventional mapping,https://doi.org/10.1007/978-94-007-5642-7_6;Other  depth intervals (specify in comments);;;Data for soil profile
UK;Erosion_Risk_Scotland;Map of soil erosion risk in Scotland (partial cover);James Hutton Institute;https://www.spatialdata.gov.scot/geonetwork/srv/eng/catalog.search#/metadata/1a9302f1-b65e-40ae-8718-a4820cf70d1d;No restrictions;;S - Soil;Proximal sensed;1947-1981;it was a single survey;YES, georeferenced;NATURAL_POLYGONs,polygons with natural boundaries;otherRestrictions;For specific national map sheets;25-50;;;mixed sampling type - incorporates all previous detailed soil mapping augmented by a reconnaissance survey at 2-3/kme;Conventional mapping,https://doi.org/10.1007/978-94-007-5642-7_6;otherRestrictions;;;Data relates to soil surface (topsoil)
UK;SCOPES;Scottish Pesticide Surveys Database;Scottish Government;https://www.sasa.gov.uk/pesticides/pesticide-usage/scottish-pesticide-surveys-database-scopes;No restrictions;;S - Soil;no/not relevant;2000-2020;regular  monitoring 2-5 years;NO, available as statistical data only;;FULL,spatially exhaustive for the whole country/agricultural lands with natural unit boundaries;;;;;Survey;;otherRestrictions;;;Survey data
UK;Runoff_Risk_Scotland; Map of runoff risk in Scotland (partial cover);James Hutton Institute;https://www.spatialdata.gov.scot/geonetwork/srv/eng/catalog.search#/metadata/ab89fb3c-14fa-4ec1-8cd2-f9811a61713d;No restrictions;;S - Soil;Proximal sensed;1947-1981;it was a single survey;YES, georeferenced;NATURAL_POLYGONs,polygons with natural boundaries;otherRestrictions;For specific national map sheets;25-50;;;mixed sampling type - incorporates all previous detailed soil mapping augmented by a reconnaissance survey at 2-3/kme;Conventional mapping,https://doi.org/10.1007/978-94-007-5642-7_6;otherRestrictions;;;Data relates to soil surface (topsoil)
UK;Compaction_Risk;Maps of Soil compaction risk in Scotland (partial cover);James Hutton Institute;https://www.spatialdata.gov.scot/geonetwork/srv/eng/catalog.search#/metadata/d16d695d-f7a0-4f1f-8ba2-335dda8428c8;No restrictions;;S - Soil;Proximal sensed;1947-1981;it was a single survey;YES, georeferenced;NATURAL_POLYGONs,polygons with natural boundaries;otherRestrictions;For specific national map sheets;25-50;;;mixed sampling type - incorporates all previous detailed soil mapping augmented by a reconnaissance survey at 2-3/km2;Conventional mapping,https://doi.org/10.1007/978-94-007-5642-7_6;defined as  topsoil/subsoil  only, without any other description;;;"2 Datasets available;                                         Map of topsoil compaction risk (partial cover)                                                                        Map of subsoil compaction risk (partial cover)"
UK;NSM_Northern_Ireland;AFBI Soil Series Map of Northern Ireland;Agri-Food and Biosciences Institute;https://www.afbini.gov.uk/articles/soil-maps-and-soil-survey;otherRestrictions;The dataset cannot be made publically available;S - Soil;Proximal sensed;1988-1997;it was a single survey;YES, georeferenced;NATURAL_POLYGONs,polygons with natural boundaries;FULL,spatially exhaustive for the whole country/agricultural lands with natural unit boundaries;;75-100;1:50000;;mixed sampling type - free survey with focused sampling;Conventional mapping;Genetic-based horizons (A, Ap, B, C etc);NO;N/K;This dataset does not contain any soil parameter information. It can be associated with parameter information on the basis of soil type.
UK;AFBI_5K_Attributes;AFBI 5k Soil Attribute Dataset;Agri-Food and Biosciences Institute;https://www.afbini.gov.uk/articles/soil-maps-and-soil-survey;otherRestrictions;The dataset cannot be made publically available;S - Soil;Proximal sensed;1988-1997;it was a single survey;YES, georeferenced;POINT;FULL,spatially exhaustive for the whole country/agricultural lands with natural unit boundaries;;75-100;5km point grid;;Representative soil pit excavated;Conventional mapping - 554 sample points;Genetic-based horizons (A, Ap, B, C etc);NO;N/K;
UK;UK_SHPS;UK Soil and Herbage Pollutant Survey;Environment Agency -UK Government;https://www.gov.uk/government/publications/uk-soil-and-herbage-pollutant-survey;No restrictions;;S - Soil;Proximal sensed;2007;it was a single survey;YES, georeferenced;POINT;FULL,spatially exhaustive for the whole country/agricultural lands with natural unit boundaries;;75-100;200 points over UK;;5cm x 3 cores from topsoil;Conventional mapping - 200 points;defined as  topsoil/subsoil  only, without any other description;NO;N/K;
UK;TELLUS_A;TELLUS Regional A Horizon Soils;Geological Survey of Northern Ireland;https://www.economy-ni.gov.uk/articles/introduction-tellus-project;No restrictions;;S - Soil;Proximal sensed;2004-2006;it was a single survey;YES, georeferenced;POINT;FULL,spatially exhaustive for the whole country/agricultural lands with natural unit boundaries;;75-100;1 per 2km2;;Core samples 5-20cm;Conventional mapping - 6874 points   Full details https://www.opendatani.gov.uk/dataset/rural-soil-survey/resource/330e2a8f-db4e-42ec-9a66-145a5eb07c93;otherRestrictions;NO;N/K;Sampled at  standard depth of 5-20cm from the surface.
UK;TELLUS_B;TELLUS Regional Subsoil;Geological Survey of Northern Ireland;https://www.economy-ni.gov.uk/articles/introduction-tellus-project;No restrictions;;S - Soil;Proximal sensed;2004-2006;it was a single survey;YES, georeferenced;POINT;FULL,spatially exhaustive for the whole country/agricultural lands with natural unit boundaries;;75-100;1 per 2km2;;Core samples 35-50cm;Conventional mapping - 6874 points   Full details https://www.opendatani.gov.uk/dataset/rural-soil-survey/resource/330e2a8f-db4e-42ec-9a66-145a5eb07c93;otherRestrictions;NO;N/K;Sampled at  standard depth of 35-50cm from the surface.
UK;TELLUS_XRF;TELLUS Regional A Horizon Soils-XRF;Geological Survey of Northern Ireland;https://www.economy-ni.gov.uk/articles/introduction-tellus-project;No restrictions;;S - Soil;Proximal sensed;2004-2006;it was a single survey;YES, georeferenced;POINT;FULL,spatially exhaustive for the whole country/agricultural lands with natural unit boundaries;;75-100;1 per 2km2;;Core samples 5-20cm;Conventional mapping - 6874 points   Full details https://www.opendatani.gov.uk/dataset/rural-soil-survey/resource/330e2a8f-db4e-42ec-9a66-145a5eb07c93;otherRestrictions;NO;N/K;Sampled at  standard depth of 5-20cm from the surface.
UK;NI_Agri_Census;Northern Ireland Agricultural Census;Department of Agriculture Environment and Rural Affairs;https://www.daera-ni.gov.uk/publications/agricultural-census-northern-ireland-2019;No restrictions;;N - Position;no/not relevant;2000-2019;regular monitoring, yearly;NO, available as statistical data only;;;;;;;;;;;;
UK;AFBI_Pesticide_Usage;AFBI Pesticide usage monitoring surveys;Agri-Food and Biosciences Institute;https://www.afbini.gov.uk/articles/pesticide-usage-monitoring-surveys;No restrictions;;O - Organisms;no/not relevant;2000-2018;regular monitoring, yearly;NO, available as statistical data only;;;;;;;;;;;;
Netherlands;CC-NL;Carbon Change dataset of the Netherlands;WEnR;https://research.wur.nl/en/publications/koolstofvoorraad-in-de-bodem-van-nederland-1998-2018-cc-nl;otherRestrictions;;S - Soil;no/not relevant;2018;it was a single survey;YES, georeferenced;POINT;FULL,spatially exhaustive for the whole country/agricultural lands with natural unit boundaries;;available as points;;;mainly based on profile sampling;;defined as  topsoil/subsoil  only, without any other desription;YES;NO;Data isn't freely available. Samples are taken at 0-30 cm and 30-100 cm
Netherlands;SL_LTE_Networks;-;WEnR;;otherRestrictions;;S - Soil;no/not relevant;;;NO, available as statistical data only;;NETWORK of pilots/experiments or identified farms, boundary of units are related to management;;available as points;;;Combination of borehole and profile sampling;;defined as  topsoil/subsoil  only, without any other desription;;NO;Data isn't freely available and the database is still under construction. It has to be determined wether the data will be freely available in the future, and if so, in what form. Samples are taken at 0-30 cm and 30-60 cm
Netherlands;BRO-BHR-p;Basisregistratie Ondergrond - Borehole research - profile descriptions;Ministry of the Interior and Kingdom Relations;https://basisregistratieondergrond.nl/inhoud-bro/registratieobjecten/bodem-grondonderzoek/booronderzoek-bhr/bodemkundige-bhr/;No restrictions;www.broloket.nl or www.pdok.nl;S - Soil;no/not relevant;1985-present;data is collected when soil map needs to be updated (different for different parts of the country);YES, georeferenced;POINT;FULL,spatially exhaustive for the whole country/agricultural lands with natural unit boundaries;;available as points;;;borehole description;;Genetic-based horizons (A, Ap, B, C etc);;NO;
Netherlands;BRO-SFR;Basisregistratie Ondergrond - Soil face research;Ministry of the Interior and Kingdom Relations;https://basisregistratieondergrond.nl/inhoud-bro/registratieobjecten/bodem-grondonderzoek/wandonderzoek-sfr/;No restrictions;www.broloket.nl or www.pdok.nl;S - Soil;no/not relevant;1985-present;data is collected when soil map needs to be updated (different for different parts of the country) or on special request;YES, georeferenced;POINT;FULL,spatially exhaustive for the whole country/agricultural lands with natural unit boundaries;;available as points;;;soil face description;;Genetic-based horizons (A, Ap, B, C etc);;NO;
Netherlands;BRO-SGM;Basisregistratie Ondergrond - Soil map;Ministry of the Interior and Kingdom Relations;https://basisregistratieondergrond.nl/inhoud-bro/registratieobjecten/modellen/bodemkaart-sgm/;No restrictions;www.broloket.nl or www.pdok.nl;S - Soil;no/not relevant;1970-present;map is updated when validation is below standards;YES, georeferenced;otherRestrictions;FULL,spatially exhaustive for the whole country/agricultural lands with natural unit boundaries;;75-100;;;borehole and soil face descriptions, geological bore hole description, Digital soil mapping (different covariates);;Genetic-based horizons (A, Ap, B, C etc);;NO;Spatial entity,POLYGON, without LPI (Land Parcel Identification)
Netherlands;PPS_BB-Bedrijvennetwerk;Publiek-Private Samenwerking Beter Bodembeheer - Bedrijvennetwerk;PPS;;otherRestrictions;;S - Soil;no/not relevant;2019;it was a single survey;YES, georeferenced;POINT;NETWORK of pilots/experiments or identified farms, boundary of units are related to management;;available as points;;;Combination of borehole and profile sampling;;defined as  topsoil/subsoil  only, without any other desription;;NO;Data is not freely available
Netherlands;PPS_BB-Bodemkwaliteit;Publiek-Private Samenwerking Beter Bodembeheer - Bodemkwaliteit;PPS;https://www.beterbodembeheer.nl/upload_mm/4/1/c/35acd049-f895-45a2-9e60-d889b307a19e_Jaarverslagen%20Bodemkwaliteit%20Veenkolonien%202018%20Samengevoegd%202019.pdf;;;S - Soil;no/not relevant;;;;;;;;;;;;;;;
Netherlands;PPS_BB-iSQAPER;Publiek-Private Samenwerking Beter Bodembeheer - Interactive Soil Quality Assessment in Europe and China for Agricultural Productivity and Environmental Resilience;PPS;http://journal.hep.com.cn/fase/EN/article/downloadArticleFile.do?attachType=PDF&id=26919&1603981636491;;;S - Soil;no/not relevant;2016;it was a single survey;;;;;;;;;;;;;
Netherlands;PPS_BB-MAK;Publiek-Private Samenwerking Beter Bodembeheer - Manure And Compost;PPS;https://www.louisbolk.org/downloads/3331.pdf, https://www.louisbolk.org/nl/publicaties/publicatie/?pubID=3331;;;S - Soil;no/not relevant;2016;it was a single survey;;;;;;;;;;;;;
Netherlands;BOFEK;Bodemfysische eenheden kaart;;https://www.wur.nl/nl/show/Bodemfysische-Eenhedenkaart-BOFEK2012.htm;No restrictions;;S - Soil;no/not relevant;2012;;;;;;;;;;;;;;
Netherlands;BIS-Soilhydrophysics;Bodemfysische datasets BIS;WENR;;otherRestrictions;;S - Soil;no/not relevant;2012-2018;;;;;;;;;;;;;;
Netherlands;Geo-chemicalaltasoftheNetherlands;Geochemische atlas van Nederland;;https://research.wur.nl/en/publications/geochemische-bodematlas-van-nederland;No restrictions;;;no/not relevant;;;;;;;;;;;;;;;
